"V1","V2","V3","V4","V5","V6","V7","V8","V9","V10","final_cluster","Cluster_1","Cluster_2","Cluster_3","Cluster_4","Cluster_5","Cluster_6","Cluster_7","cell_name"
1,1,1,1,1,1,1,1,1,1,1,1,0,0,0,0,0,0,"Cell1"
2,2,2,2,2,2,2,2,2,2,2,0,1,0,0,0,0,0,"Cell2"
3,3,3,3,3,3,3,3,3,3,3,0,0,1,0,0,0,0,"Cell3"
2,2,2,2,2,2,2,2,2,2,2,0,1,0,0,0,0,0,"Cell4"
2,2,2,2,2,2,2,2,2,2,2,0,1,0,0,0,0,0,"Cell5"
4,4,4,4,4,4,4,4,4,4,4,0,0,0,1,0,0,0,"Cell6"
3,3,3,3,3,3,3,3,3,3,3,0,0,1,0,0,0,0,"Cell7"
2,2,2,2,2,2,2,2,2,2,2,0,1,0,0,0,0,0,"Cell8"
2,2,2,2,2,2,2,2,2,2,2,0,1,0,0,0,0,0,"Cell9"
3,3,3,3,3,3,3,3,3,3,3,0,0,1,0,0,0,0,"Cell10"
5,5,5,5,5,5,5,5,5,5,5,0,0,0,0,1,0,0,"Cell11"
5,5,5,5,5,5,5,5,5,5,5,0,0,0,0,1,0,0,"Cell12"
4,4,4,4,4,4,4,4,4,4,4,0,0,0,1,0,0,0,"Cell13"
2,2,2,2,2,2,2,2,2,2,2,0,1,0,0,0,0,0,"Cell14"
6,6,6,6,6,6,6,6,6,6,6,0,0,0,0,0,1,0,"Cell15"
1,1,1,1,1,1,1,1,1,1,1,1,0,0,0,0,0,0,"Cell16"
7,7,7,7,7,7,7,7,7,7,7,0,0,0,0,0,0,1,"Cell17"
4,4,4,4,4,4,4,4,4,4,4,0,0,0,1,0,0,0,"Cell18"
4,4,4,4,4,4,4,4,4,4,4,0,0,0,1,0,0,0,"Cell19"
5,5,5,5,5,5,5,5,5,5,5,0,0,0,0,1,0,0,"Cell20"
2,2,2,2,2,2,2,2,2,2,2,0,1,0,0,0,0,0,"Cell21"
1,1,1,1,1,1,1,1,1,1,1,1,0,0,0,0,0,0,"Cell22"
3,3,3,3,3,3,3,3,3,3,3,0,0,1,0,0,0,0,"Cell23"
6,6,6,6,6,6,6,6,6,6,6,0,0,0,0,0,1,0,"Cell24"
1,1,1,1,1,1,1,1,1,1,1,1,0,0,0,0,0,0,"Cell25"
7,7,7,6,7,7,7,7,7,7,7,0,0,0,0,0,0.1,0.9,"Cell26"
1,1,1,1,1,1,1,1,1,1,1,1,0,0,0,0,0,0,"Cell27"
4,4,4,4,4,4,4,4,4,4,4,0,0,0,1,0,0,0,"Cell28"
6,6,6,6,6,6,6,6,6,6,6,0,0,0,0,0,1,0,"Cell29"
3,3,3,3,3,3,3,3,3,3,3,0,0,1,0,0,0,0,"Cell30"
1,1,1,1,1,1,1,1,1,1,1,1,0,0,0,0,0,0,"Cell31"
7,7,7,6,7,7,7,7,7,7,7,0,0,0,0,0,0.1,0.9,"Cell32"
1,1,1,1,1,1,1,1,1,1,1,1,0,0,0,0,0,0,"Cell33"
3,6,3,3,3,3,3,3,3,3,3,0,0,0.9,0,0,0.1,0,"Cell34"
7,7,7,7,7,7,7,7,7,7,7,0,0,0,0,0,0,1,"Cell35"
2,2,2,2,2,2,2,2,2,2,2,0,1,0,0,0,0,0,"Cell36"
7,7,7,7,7,7,7,7,7,7,7,0,0,0,0,0,0,1,"Cell37"
3,6,3,3,3,3,3,3,3,3,3,0,0,0.9,0,0,0.1,0,"Cell38"
6,6,6,6,6,6,6,6,6,6,6,0,0,0,0,0,1,0,"Cell39"
4,4,4,4,4,4,4,4,4,4,4,0,0,0,1,0,0,0,"Cell40"
1,1,1,1,1,1,1,1,1,1,1,1,0,0,0,0,0,0,"Cell41"
1,1,1,1,1,1,1,1,1,1,1,1,0,0,0,0,0,0,"Cell42"
5,5,5,5,5,5,5,5,5,5,5,0,0,0,0,1,0,0,"Cell43"
1,1,1,1,1,1,1,1,1,1,1,1,0,0,0,0,0,0,"Cell44"
7,7,7,7,7,7,7,7,7,7,7,0,0,0,0,0,0,1,"Cell45"
2,2,2,2,2,2,2,2,2,2,2,0,1,0,0,0,0,0,"Cell46"
4,4,4,4,4,4,4,4,4,4,4,0,0,0,1,0,0,0,"Cell47"
2,2,2,2,2,2,2,2,2,2,2,0,1,0,0,0,0,0,"Cell48"
2,2,2,2,2,2,2,2,2,2,2,0,1,0,0,0,0,0,"Cell49"
1,1,1,1,1,1,1,1,1,1,1,1,0,0,0,0,0,0,"Cell50"
1,1,1,1,1,1,1,1,1,1,1,1,0,0,0,0,0,0,"Cell51"
4,4,4,4,4,4,4,4,4,4,4,0,0,0,1,0,0,0,"Cell52"
5,5,5,5,5,5,5,5,5,5,5,0,0,0,0,1,0,0,"Cell53"
4,4,4,4,4,4,4,4,4,4,4,0,0,0,1,0,0,0,"Cell54"
7,7,7,6,7,7,7,7,7,7,7,0,0,0,0,0,0.1,0.9,"Cell55"
2,2,2,2,2,2,2,2,2,2,2,0,1,0,0,0,0,0,"Cell56"
1,1,1,1,1,1,1,1,1,1,1,1,0,0,0,0,0,0,"Cell57"
5,5,5,5,5,5,5,5,5,5,5,0,0,0,0,1,0,0,"Cell58"
7,7,7,7,7,7,7,7,7,7,7,0,0,0,0,0,0,1,"Cell59"
6,6,6,6,6,6,6,6,6,6,6,0,0,0,0,0,1,0,"Cell60"
2,2,2,2,2,2,2,2,2,2,2,0,1,0,0,0,0,0,"Cell61"
4,4,4,4,4,4,4,4,4,4,4,0,0,0,1,0,0,0,"Cell62"
3,3,3,3,3,3,3,3,3,3,3,0,0,1,0,0,0,0,"Cell63"
5,5,5,5,5,5,5,5,5,5,5,0,0,0,0,1,0,0,"Cell64"
1,1,1,1,1,1,1,1,1,1,1,1,0,0,0,0,0,0,"Cell65"
5,5,5,5,5,5,5,5,5,5,5,0,0,0,0,1,0,0,"Cell66"
2,2,2,2,2,2,2,2,2,2,2,0,1,0,0,0,0,0,"Cell67"
6,6,6,6,6,6,6,6,6,6,6,0,0,0,0,0,1,0,"Cell68"
3,3,3,3,3,3,3,3,3,3,3,0,0,1,0,0,0,0,"Cell69"
5,5,5,5,5,5,5,5,5,5,5,0,0,0,0,1,0,0,"Cell70"
2,2,2,2,2,2,2,2,2,2,2,0,1,0,0,0,0,0,"Cell71"
7,7,7,6,7,7,7,7,7,7,7,0,0,0,0,0,0.1,0.9,"Cell72"
4,4,4,4,4,4,4,4,4,4,4,0,0,0,1,0,0,0,"Cell73"
5,5,5,5,5,5,5,5,5,5,5,0,0,0,0,1,0,0,"Cell74"
4,4,4,4,4,4,4,4,4,4,4,0,0,0,1,0,0,0,"Cell75"
1,1,1,1,1,1,1,1,1,1,1,1,0,0,0,0,0,0,"Cell76"
4,4,4,4,4,4,4,4,4,4,4,0,0,0,1,0,0,0,"Cell77"
1,1,1,1,1,1,1,1,1,1,1,1,0,0,0,0,0,0,"Cell78"
6,6,6,6,6,6,6,6,6,6,6,0,0,0,0,0,1,0,"Cell79"
1,1,1,1,1,1,1,1,1,1,1,1,0,0,0,0,0,0,"Cell80"
2,2,2,2,2,2,2,2,2,2,2,0,1,0,0,0,0,0,"Cell81"
5,5,5,5,5,5,5,5,5,5,5,0,0,0,0,1,0,0,"Cell82"
7,7,7,7,7,7,7,7,7,7,7,0,0,0,0,0,0,1,"Cell83"
6,6,6,6,6,6,6,6,6,6,6,0,0,0,0,0,1,0,"Cell84"
6,6,6,6,6,6,6,6,6,6,6,0,0,0,0,0,1,0,"Cell85"
5,5,5,5,5,5,5,5,5,5,5,0,0,0,0,1,0,0,"Cell86"
2,2,2,2,2,2,2,2,2,2,2,0,1,0,0,0,0,0,"Cell87"
3,3,3,3,3,3,3,3,3,3,3,0,0,1,0,0,0,0,"Cell88"
4,4,4,4,4,4,4,4,4,4,4,0,0,0,1,0,0,0,"Cell89"
4,4,4,4,4,4,4,4,4,4,4,0,0,0,1,0,0,0,"Cell90"
1,1,1,1,1,1,1,1,1,1,1,1,0,0,0,0,0,0,"Cell91"
3,6,3,3,3,3,3,3,3,3,3,0,0,0.9,0,0,0.1,0,"Cell92"
1,1,1,1,1,1,1,1,1,1,1,1,0,0,0,0,0,0,"Cell93"
5,5,5,5,5,5,5,5,5,5,5,0,0,0,0,1,0,0,"Cell94"
7,7,7,7,7,7,7,7,7,7,7,0,0,0,0,0,0,1,"Cell95"
3,3,3,3,3,3,3,3,3,3,3,0,0,1,0,0,0,0,"Cell96"
1,1,1,1,1,1,1,1,1,1,1,1,0,0,0,0,0,0,"Cell97"
3,3,3,3,3,3,3,3,3,3,3,0,0,1,0,0,0,0,"Cell98"
5,5,5,5,5,5,5,5,5,5,5,0,0,0,0,1,0,0,"Cell99"
4,4,4,4,4,4,4,4,4,4,4,0,0,0,1,0,0,0,"Cell100"
7,7,7,6,7,7,7,7,7,7,7,0,0,0,0,0,0.1,0.9,"Cell101"
4,4,4,4,4,4,4,4,4,4,4,0,0,0,1,0,0,0,"Cell102"
1,1,1,1,1,1,1,1,1,1,1,1,0,0,0,0,0,0,"Cell103"
6,6,6,6,6,6,6,6,6,6,6,0,0,0,0,0,1,0,"Cell104"
3,3,3,3,3,3,3,3,3,3,3,0,0,1,0,0,0,0,"Cell105"
2,2,2,2,2,2,2,2,2,2,2,0,1,0,0,0,0,0,"Cell106"
5,5,5,5,5,5,5,5,5,5,5,0,0,0,0,1,0,0,"Cell107"
4,4,4,4,4,4,4,4,4,4,4,0,0,0,1,0,0,0,"Cell108"
4,4,4,4,4,4,4,4,4,4,4,0,0,0,1,0,0,0,"Cell109"
4,4,4,4,4,4,4,4,4,4,4,0,0,0,1,0,0,0,"Cell110"
2,2,2,2,2,2,2,2,2,2,2,0,1,0,0,0,0,0,"Cell111"
5,5,5,5,5,5,5,5,5,5,5,0,0,0,0,1,0,0,"Cell112"
4,4,4,4,4,4,4,4,4,4,4,0,0,0,1,0,0,0,"Cell113"
6,6,6,6,6,6,6,6,6,6,6,0,0,0,0,0,1,0,"Cell114"
4,4,4,4,4,4,4,4,4,4,4,0,0,0,1,0,0,0,"Cell115"
4,4,4,4,4,4,4,4,4,4,4,0,0,0,1,0,0,0,"Cell116"
3,6,3,3,3,3,3,3,3,3,3,0,0,0.9,0,0,0.1,0,"Cell117"
7,7,7,6,7,7,7,7,7,7,7,0,0,0,0,0,0.1,0.9,"Cell118"
2,2,2,2,2,2,2,2,2,2,2,0,1,0,0,0,0,0,"Cell119"
4,4,4,4,4,4,4,4,4,4,4,0,0,0,1,0,0,0,"Cell120"
3,3,3,3,3,3,3,3,3,3,3,0,0,1,0,0,0,0,"Cell121"
1,1,1,1,1,1,1,1,1,1,1,1,0,0,0,0,0,0,"Cell122"
3,3,3,3,3,3,3,3,3,3,3,0,0,1,0,0,0,0,"Cell123"
6,6,6,6,6,6,6,6,6,6,6,0,0,0,0,0,1,0,"Cell124"
6,6,6,6,6,6,6,6,6,6,6,0,0,0,0,0,1,0,"Cell125"
7,7,7,7,7,7,7,7,7,7,7,0,0,0,0,0,0,1,"Cell126"
7,7,7,7,7,7,7,7,7,7,7,0,0,0,0,0,0,1,"Cell127"
4,4,4,4,4,4,4,4,4,4,4,0,0,0,1,0,0,0,"Cell128"
1,1,1,1,1,1,1,1,1,1,1,1,0,0,0,0,0,0,"Cell129"
2,2,2,2,2,2,2,2,2,2,2,0,1,0,0,0,0,0,"Cell130"
2,2,2,2,2,2,2,2,2,2,2,0,1,0,0,0,0,0,"Cell131"
1,1,1,1,1,1,1,1,1,1,1,1,0,0,0,0,0,0,"Cell132"
3,6,3,3,3,3,3,3,3,3,3,0,0,0.9,0,0,0.1,0,"Cell133"
4,4,4,4,4,4,4,4,4,4,4,0,0,0,1,0,0,0,"Cell134"
1,1,1,1,1,1,1,1,1,1,1,1,0,0,0,0,0,0,"Cell135"
5,5,5,5,5,5,5,5,5,5,5,0,0,0,0,1,0,0,"Cell136"
1,1,1,1,1,1,1,1,1,1,1,1,0,0,0,0,0,0,"Cell137"
6,6,6,6,6,6,6,6,6,6,6,0,0,0,0,0,1,0,"Cell138"
5,5,5,5,5,5,5,5,5,5,5,0,0,0,0,1,0,0,"Cell139"
4,4,4,4,4,4,4,4,4,4,4,0,0,0,1,0,0,0,"Cell140"
4,4,4,4,4,4,4,4,4,4,4,0,0,0,1,0,0,0,"Cell141"
3,6,3,3,3,3,3,3,3,3,3,0,0,0.9,0,0,0.1,0,"Cell142"
1,1,1,1,1,1,1,1,1,1,1,1,0,0,0,0,0,0,"Cell143"
1,1,1,1,1,1,1,1,1,1,1,1,0,0,0,0,0,0,"Cell144"
5,5,5,5,5,5,5,5,5,5,5,0,0,0,0,1,0,0,"Cell145"
3,6,3,3,3,3,3,3,3,3,3,0,0,0.9,0,0,0.1,0,"Cell146"
2,2,2,2,2,2,2,2,2,2,2,0,1,0,0,0,0,0,"Cell147"
3,3,3,3,3,3,3,3,3,3,3,0,0,1,0,0,0,0,"Cell148"
1,1,1,1,1,1,1,1,1,1,1,1,0,0,0,0,0,0,"Cell149"
6,6,6,6,6,6,6,6,6,6,6,0,0,0,0,0,1,0,"Cell150"
5,5,5,5,5,5,5,5,5,5,5,0,0,0,0,1,0,0,"Cell151"
3,3,3,3,3,3,3,3,3,3,3,0,0,1,0,0,0,0,"Cell152"
1,1,1,1,1,1,1,1,1,1,1,1,0,0,0,0,0,0,"Cell153"
5,5,5,5,5,5,5,5,5,5,5,0,0,0,0,1,0,0,"Cell154"
7,7,7,6,7,7,7,7,7,7,7,0,0,0,0,0,0.1,0.9,"Cell155"
2,2,2,2,2,2,2,2,2,2,2,0,1,0,0,0,0,0,"Cell156"
1,1,1,1,1,1,1,1,1,1,1,1,0,0,0,0,0,0,"Cell157"
6,6,6,6,6,6,6,6,6,6,6,0,0,0,0,0,1,0,"Cell158"
7,7,7,7,7,7,7,7,7,7,7,0,0,0,0,0,0,1,"Cell159"
5,5,5,5,5,5,5,5,5,5,5,0,0,0,0,1,0,0,"Cell160"
5,5,5,5,5,5,5,5,5,5,5,0,0,0,0,1,0,0,"Cell161"
4,4,4,4,4,4,4,4,4,4,4,0,0,0,1,0,0,0,"Cell162"
6,6,6,6,6,6,6,6,6,6,6,0,0,0,0,0,1,0,"Cell163"
6,6,6,6,6,6,6,6,6,6,6,0,0,0,0,0,1,0,"Cell164"
5,5,5,5,5,5,5,5,5,5,5,0,0,0,0,1,0,0,"Cell165"
4,4,4,4,4,4,4,4,4,4,4,0,0,0,1,0,0,0,"Cell166"
7,7,7,7,7,7,7,7,7,7,7,0,0,0,0,0,0,1,"Cell167"
6,6,6,6,6,6,6,6,6,6,6,0,0,0,0,0,1,0,"Cell168"
3,6,3,3,3,3,3,3,3,3,3,0,0,0.9,0,0,0.1,0,"Cell169"
6,6,6,6,6,6,6,6,6,6,6,0,0,0,0,0,1,0,"Cell170"
7,7,7,7,7,7,7,7,7,7,7,0,0,0,0,0,0,1,"Cell171"
1,1,1,1,1,1,1,1,1,1,1,1,0,0,0,0,0,0,"Cell172"
4,4,4,4,4,4,4,4,4,4,4,0,0,0,1,0,0,0,"Cell173"
3,3,3,3,3,3,3,3,3,3,3,0,0,1,0,0,0,0,"Cell174"
2,2,2,2,2,2,2,2,2,2,2,0,1,0,0,0,0,0,"Cell175"
3,6,3,3,3,3,3,3,3,3,3,0,0,0.9,0,0,0.1,0,"Cell176"
1,1,1,1,1,1,1,1,1,1,1,1,0,0,0,0,0,0,"Cell177"
6,6,6,6,6,6,6,6,6,6,6,0,0,0,0,0,1,0,"Cell178"
5,5,5,5,5,5,5,5,5,5,5,0,0,0,0,1,0,0,"Cell179"
1,1,1,1,1,1,1,1,1,1,1,1,0,0,0,0,0,0,"Cell180"
7,7,7,6,7,7,7,7,7,7,7,0,0,0,0,0,0.1,0.9,"Cell181"
4,4,4,4,4,4,4,4,4,4,4,0,0,0,1,0,0,0,"Cell182"
2,2,2,2,2,2,2,2,2,2,2,0,1,0,0,0,0,0,"Cell183"
2,2,2,2,2,2,2,2,2,2,2,0,1,0,0,0,0,0,"Cell184"
3,6,3,3,3,3,3,3,3,3,3,0,0,0.9,0,0,0.1,0,"Cell185"
4,4,4,4,4,4,4,4,4,4,4,0,0,0,1,0,0,0,"Cell186"
5,5,5,5,5,5,5,5,5,5,5,0,0,0,0,1,0,0,"Cell187"
2,2,2,2,2,2,2,2,2,2,2,0,1,0,0,0,0,0,"Cell188"
6,6,6,6,6,6,6,6,6,6,6,0,0,0,0,0,1,0,"Cell189"
5,5,5,5,5,5,5,5,5,5,5,0,0,0,0,1,0,0,"Cell190"
1,1,1,1,1,1,1,1,1,1,1,1,0,0,0,0,0,0,"Cell191"
1,1,1,1,1,1,1,1,1,1,1,1,0,0,0,0,0,0,"Cell192"
6,6,6,6,6,6,6,6,6,6,6,0,0,0,0,0,1,0,"Cell193"
1,1,1,1,1,1,1,1,1,1,1,1,0,0,0,0,0,0,"Cell194"
2,2,2,2,2,2,2,2,2,2,2,0,1,0,0,0,0,0,"Cell195"
6,6,6,6,6,6,6,6,6,6,6,0,0,0,0,0,1,0,"Cell196"
7,7,7,6,7,7,7,7,7,7,7,0,0,0,0,0,0.1,0.9,"Cell197"
1,1,1,1,1,1,1,1,1,1,1,1,0,0,0,0,0,0,"Cell198"
7,7,7,7,7,7,7,7,7,7,7,0,0,0,0,0,0,1,"Cell199"
3,3,3,3,3,3,3,3,3,3,3,0,0,1,0,0,0,0,"Cell200"
1,1,1,1,1,1,1,1,1,1,1,1,0,0,0,0,0,0,"Cell201"
1,1,1,1,1,1,1,1,1,1,1,1,0,0,0,0,0,0,"Cell202"
5,5,5,5,5,5,5,5,5,5,5,0,0,0,0,1,0,0,"Cell203"
3,6,3,3,3,3,3,3,3,3,3,0,0,0.9,0,0,0.1,0,"Cell204"
1,1,1,1,1,1,1,1,1,1,1,1,0,0,0,0,0,0,"Cell205"
7,7,7,6,7,7,7,7,7,7,7,0,0,0,0,0,0.1,0.9,"Cell206"
4,4,4,4,4,4,4,4,4,4,4,0,0,0,1,0,0,0,"Cell207"
7,7,7,6,7,7,7,7,7,7,7,0,0,0,0,0,0.1,0.9,"Cell208"
1,1,1,1,1,1,1,1,1,1,1,1,0,0,0,0,0,0,"Cell209"
7,7,7,7,7,7,7,7,7,7,7,0,0,0,0,0,0,1,"Cell210"
5,5,5,5,5,5,5,5,5,5,5,0,0,0,0,1,0,0,"Cell211"
4,4,4,4,4,4,4,4,4,4,4,0,0,0,1,0,0,0,"Cell212"
4,4,4,4,4,4,4,4,4,4,4,0,0,0,1,0,0,0,"Cell213"
4,4,4,4,4,4,4,4,4,4,4,0,0,0,1,0,0,0,"Cell214"
2,2,2,2,2,2,2,2,2,2,2,0,1,0,0,0,0,0,"Cell215"
2,2,2,2,2,2,2,2,2,2,2,0,1,0,0,0,0,0,"Cell216"
3,6,3,3,3,3,3,3,3,3,3,0,0,0.9,0,0,0.1,0,"Cell217"
3,3,3,3,3,3,3,3,3,3,3,0,0,1,0,0,0,0,"Cell218"
3,6,3,3,3,3,3,3,3,3,3,0,0,0.9,0,0,0.1,0,"Cell219"
2,2,2,2,2,2,2,2,2,2,2,0,1,0,0,0,0,0,"Cell220"
6,6,6,6,6,6,6,6,6,6,6,0,0,0,0,0,1,0,"Cell221"
5,5,5,5,5,5,5,5,5,5,5,0,0,0,0,1,0,0,"Cell222"
3,6,3,3,3,3,3,3,3,3,3,0,0,0.9,0,0,0.1,0,"Cell223"
4,4,4,4,4,4,4,4,4,4,4,0,0,0,1,0,0,0,"Cell224"
1,1,1,1,1,1,1,1,1,1,1,1,0,0,0,0,0,0,"Cell225"
1,1,1,1,1,1,1,1,1,1,1,1,0,0,0,0,0,0,"Cell226"
7,7,7,7,7,7,7,7,7,7,7,0,0,0,0,0,0,1,"Cell227"
3,3,3,3,3,3,3,3,3,3,3,0,0,1,0,0,0,0,"Cell228"
7,7,7,7,7,7,7,7,7,7,7,0,0,0,0,0,0,1,"Cell229"
4,4,4,4,4,4,4,4,4,4,4,0,0,0,1,0,0,0,"Cell230"
5,5,5,5,5,5,5,5,5,5,5,0,0,0,0,1,0,0,"Cell231"
6,6,6,6,6,6,6,6,6,6,6,0,0,0,0,0,1,0,"Cell232"
7,7,7,6,7,7,7,7,7,7,7,0,0,0,0,0,0.1,0.9,"Cell233"
2,2,2,2,2,2,2,2,2,2,2,0,1,0,0,0,0,0,"Cell234"
1,1,1,1,1,1,1,1,1,1,1,1,0,0,0,0,0,0,"Cell235"
1,1,1,1,1,1,1,1,1,1,1,1,0,0,0,0,0,0,"Cell236"
5,5,5,5,5,5,5,5,5,5,5,0,0,0,0,1,0,0,"Cell237"
2,2,2,2,2,2,2,2,2,2,2,0,1,0,0,0,0,0,"Cell238"
2,2,2,2,2,2,2,2,2,2,2,0,1,0,0,0,0,0,"Cell239"
3,3,3,3,3,3,3,3,3,3,3,0,0,1,0,0,0,0,"Cell240"
5,5,5,5,5,5,5,5,5,5,5,0,0,0,0,1,0,0,"Cell241"
3,6,3,3,3,3,3,3,3,3,3,0,0,0.9,0,0,0.1,0,"Cell242"
6,6,6,6,6,6,6,6,6,6,6,0,0,0,0,0,1,0,"Cell243"
7,7,7,7,7,7,7,7,7,7,7,0,0,0,0,0,0,1,"Cell244"
1,1,1,1,1,1,1,1,1,1,1,1,0,0,0,0,0,0,"Cell245"
4,4,4,4,4,4,4,4,4,4,4,0,0,0,1,0,0,0,"Cell246"
3,3,3,3,3,3,3,3,3,3,3,0,0,1,0,0,0,0,"Cell247"
1,1,1,1,1,1,1,1,1,1,1,1,0,0,0,0,0,0,"Cell248"
1,1,1,1,1,1,1,1,1,1,1,1,0,0,0,0,0,0,"Cell249"
4,4,4,4,4,4,4,4,4,4,4,0,0,0,1,0,0,0,"Cell250"
7,7,7,6,7,7,7,7,7,7,7,0,0,0,0,0,0.1,0.9,"Cell251"
2,2,2,2,2,2,2,2,2,2,2,0,1,0,0,0,0,0,"Cell252"
5,5,5,5,5,5,5,5,5,5,5,0,0,0,0,1,0,0,"Cell253"
5,5,5,5,5,5,5,5,5,5,5,0,0,0,0,1,0,0,"Cell254"
4,4,4,4,4,4,4,4,4,4,4,0,0,0,1,0,0,0,"Cell255"
2,2,2,2,2,2,2,2,2,2,2,0,1,0,0,0,0,0,"Cell256"
5,5,5,5,5,5,5,5,5,5,5,0,0,0,0,1,0,0,"Cell257"
3,6,3,3,3,3,3,3,3,3,3,0,0,0.9,0,0,0.1,0,"Cell258"
1,1,1,1,1,1,1,1,1,1,1,1,0,0,0,0,0,0,"Cell259"
3,3,3,3,3,3,3,3,3,3,3,0,0,1,0,0,0,0,"Cell260"
1,1,1,1,1,1,1,1,1,1,1,1,0,0,0,0,0,0,"Cell261"
1,1,1,1,1,1,1,1,1,1,1,1,0,0,0,0,0,0,"Cell262"
1,1,1,1,1,1,1,1,1,1,1,1,0,0,0,0,0,0,"Cell263"
7,7,7,6,7,7,7,7,7,7,7,0,0,0,0,0,0.1,0.9,"Cell264"
4,4,4,4,4,4,4,4,4,4,4,0,0,0,1,0,0,0,"Cell265"
5,5,5,5,5,5,5,5,5,5,5,0,0,0,0,1,0,0,"Cell266"
1,1,1,1,1,1,1,1,1,1,1,1,0,0,0,0,0,0,"Cell267"
6,6,6,6,6,6,6,6,6,6,6,0,0,0,0,0,1,0,"Cell268"
6,6,6,6,6,6,6,6,6,6,6,0,0,0,0,0,1,0,"Cell269"
5,5,5,5,5,5,5,5,5,5,5,0,0,0,0,1,0,0,"Cell270"
4,4,4,4,4,4,4,4,4,4,4,0,0,0,1,0,0,0,"Cell271"
4,4,4,4,4,4,4,4,4,4,4,0,0,0,1,0,0,0,"Cell272"
3,6,3,3,3,3,3,3,3,3,3,0,0,0.9,0,0,0.1,0,"Cell273"
3,3,3,3,3,3,3,3,3,3,3,0,0,1,0,0,0,0,"Cell274"
5,5,5,5,5,5,5,5,5,5,5,0,0,0,0,1,0,0,"Cell275"
3,6,3,3,3,3,3,3,3,3,3,0,0,0.9,0,0,0.1,0,"Cell276"
2,2,2,2,2,2,2,2,2,2,2,0,1,0,0,0,0,0,"Cell277"
5,5,5,5,5,5,5,5,5,5,5,0,0,0,0,1,0,0,"Cell278"
5,5,5,5,5,5,5,5,5,5,5,0,0,0,0,1,0,0,"Cell279"
1,1,1,1,1,1,1,1,1,1,1,1,0,0,0,0,0,0,"Cell280"
4,4,4,4,4,4,4,4,4,4,4,0,0,0,1,0,0,0,"Cell281"
4,4,4,4,4,4,4,4,4,4,4,0,0,0,1,0,0,0,"Cell282"
3,3,3,3,3,3,3,3,3,3,3,0,0,1,0,0,0,0,"Cell283"
3,3,3,3,3,3,3,3,3,3,3,0,0,1,0,0,0,0,"Cell284"
3,3,3,3,3,3,3,3,3,3,3,0,0,1,0,0,0,0,"Cell285"
3,6,3,3,3,3,3,3,3,3,3,0,0,0.9,0,0,0.1,0,"Cell286"
4,4,4,4,4,4,4,4,4,4,4,0,0,0,1,0,0,0,"Cell287"
3,3,3,3,3,3,3,3,3,3,3,0,0,1,0,0,0,0,"Cell288"
3,3,3,3,3,3,3,3,3,3,3,0,0,1,0,0,0,0,"Cell289"
1,1,1,1,1,1,1,1,1,1,1,1,0,0,0,0,0,0,"Cell290"
7,7,7,7,7,7,7,7,7,7,7,0,0,0,0,0,0,1,"Cell291"
1,1,1,1,1,1,1,1,1,1,1,1,0,0,0,0,0,0,"Cell292"
2,2,2,2,2,2,2,2,2,2,2,0,1,0,0,0,0,0,"Cell293"
3,6,3,3,3,3,3,3,3,3,3,0,0,0.9,0,0,0.1,0,"Cell294"
5,5,5,5,5,5,5,5,5,5,5,0,0,0,0,1,0,0,"Cell295"
2,2,2,2,2,2,2,2,2,2,2,0,1,0,0,0,0,0,"Cell296"
3,3,3,3,3,3,3,3,3,3,3,0,0,1,0,0,0,0,"Cell297"
7,7,7,7,7,7,7,7,7,7,7,0,0,0,0,0,0,1,"Cell298"
7,7,7,7,7,7,7,7,7,7,7,0,0,0,0,0,0,1,"Cell299"
3,3,3,3,3,3,3,3,3,3,3,0,0,1,0,0,0,0,"Cell300"
3,3,3,3,3,3,3,3,3,3,3,0,0,1,0,0,0,0,"Cell301"
6,6,6,6,6,6,6,6,6,6,6,0,0,0,0,0,1,0,"Cell302"
1,1,1,1,1,1,1,1,1,1,1,1,0,0,0,0,0,0,"Cell303"
4,4,4,4,4,4,4,4,4,4,4,0,0,0,1,0,0,0,"Cell304"
7,7,7,7,7,7,7,7,7,7,7,0,0,0,0,0,0,1,"Cell305"
5,5,5,5,5,5,5,5,5,5,5,0,0,0,0,1,0,0,"Cell306"
6,6,6,6,6,6,6,6,6,6,6,0,0,0,0,0,1,0,"Cell307"
2,2,2,2,2,2,2,2,2,2,2,0,1,0,0,0,0,0,"Cell308"
1,1,1,1,1,1,1,1,1,1,1,1,0,0,0,0,0,0,"Cell309"
6,6,6,6,6,6,6,6,6,6,6,0,0,0,0,0,1,0,"Cell310"
4,4,4,4,4,4,4,4,4,4,4,0,0,0,1,0,0,0,"Cell311"
2,2,2,2,2,2,2,2,2,2,2,0,1,0,0,0,0,0,"Cell312"
1,1,1,1,1,1,1,1,1,1,1,1,0,0,0,0,0,0,"Cell313"
6,6,6,6,6,6,6,6,6,6,6,0,0,0,0,0,1,0,"Cell314"
1,1,1,1,1,1,1,1,1,1,1,1,0,0,0,0,0,0,"Cell315"
1,1,1,1,1,1,1,1,1,1,1,1,0,0,0,0,0,0,"Cell316"
6,6,6,6,6,6,6,6,6,6,6,0,0,0,0,0,1,0,"Cell317"
4,4,4,4,4,4,4,4,4,4,4,0,0,0,1,0,0,0,"Cell318"
7,7,7,7,7,7,7,7,7,7,7,0,0,0,0,0,0,1,"Cell319"
1,1,1,1,1,1,1,1,1,1,1,1,0,0,0,0,0,0,"Cell320"
7,7,7,7,7,7,7,7,7,7,7,0,0,0,0,0,0,1,"Cell321"
6,6,6,6,6,6,6,6,6,6,6,0,0,0,0,0,1,0,"Cell322"
5,5,5,5,5,5,5,5,5,5,5,0,0,0,0,1,0,0,"Cell323"
6,6,6,6,6,6,6,6,6,6,6,0,0,0,0,0,1,0,"Cell324"
2,2,2,2,2,2,2,2,2,2,2,0,1,0,0,0,0,0,"Cell325"
1,1,1,1,1,1,1,1,1,1,1,1,0,0,0,0,0,0,"Cell326"
2,2,2,2,2,2,2,2,2,2,2,0,1,0,0,0,0,0,"Cell327"
3,3,3,3,3,3,3,3,3,3,3,0,0,1,0,0,0,0,"Cell328"
7,7,7,7,7,7,7,7,7,7,7,0,0,0,0,0,0,1,"Cell329"
5,5,5,5,5,5,5,5,5,5,5,0,0,0,0,1,0,0,"Cell330"
3,6,3,3,3,3,3,3,3,3,3,0,0,0.9,0,0,0.1,0,"Cell331"
2,2,2,2,2,2,2,2,2,2,2,0,1,0,0,0,0,0,"Cell332"
1,1,1,1,1,1,1,1,1,1,1,1,0,0,0,0,0,0,"Cell333"
6,6,6,6,6,6,6,6,6,6,6,0,0,0,0,0,1,0,"Cell334"
1,1,1,1,1,1,1,1,1,1,1,1,0,0,0,0,0,0,"Cell335"
7,7,7,7,7,7,7,7,7,7,7,0,0,0,0,0,0,1,"Cell336"
5,5,5,5,5,5,5,5,5,5,5,0,0,0,0,1,0,0,"Cell337"
1,1,1,1,1,1,1,1,1,1,1,1,0,0,0,0,0,0,"Cell338"
6,6,6,6,6,6,6,6,6,6,6,0,0,0,0,0,1,0,"Cell339"
7,7,7,6,7,7,7,7,7,7,7,0,0,0,0,0,0.1,0.9,"Cell340"
1,1,1,1,1,1,1,1,1,1,1,1,0,0,0,0,0,0,"Cell341"
6,6,6,6,6,6,6,6,6,6,6,0,0,0,0,0,1,0,"Cell342"
2,2,2,2,2,2,2,2,2,2,2,0,1,0,0,0,0,0,"Cell343"
3,3,3,3,3,3,3,3,3,3,3,0,0,1,0,0,0,0,"Cell344"
3,6,3,3,3,3,3,3,3,3,3,0,0,0.9,0,0,0.1,0,"Cell345"
3,3,3,3,3,3,3,3,3,3,3,0,0,1,0,0,0,0,"Cell346"
1,1,1,1,1,1,1,1,1,1,1,1,0,0,0,0,0,0,"Cell347"
6,6,6,6,6,6,6,6,6,6,6,0,0,0,0,0,1,0,"Cell348"
5,5,5,5,5,5,5,5,5,5,5,0,0,0,0,1,0,0,"Cell349"
1,1,1,1,1,1,1,1,1,1,1,1,0,0,0,0,0,0,"Cell350"
5,5,5,5,5,5,5,5,5,5,5,0,0,0,0,1,0,0,"Cell351"
1,1,1,1,1,1,1,1,1,1,1,1,0,0,0,0,0,0,"Cell352"
2,2,2,2,2,2,2,2,2,2,2,0,1,0,0,0,0,0,"Cell353"
2,2,2,2,2,2,2,2,2,2,2,0,1,0,0,0,0,0,"Cell354"
2,2,2,2,2,2,2,2,2,2,2,0,1,0,0,0,0,0,"Cell355"
2,2,2,2,2,2,2,2,2,2,2,0,1,0,0,0,0,0,"Cell356"
7,7,7,7,7,7,7,7,7,7,7,0,0,0,0,0,0,1,"Cell357"
3,3,3,3,3,3,3,3,3,3,3,0,0,1,0,0,0,0,"Cell358"
5,5,5,5,5,5,5,5,5,5,5,0,0,0,0,1,0,0,"Cell359"
5,5,5,5,5,5,5,5,5,5,5,0,0,0,0,1,0,0,"Cell360"
2,2,2,2,2,2,2,2,2,2,2,0,1,0,0,0,0,0,"Cell361"
5,5,5,5,5,5,5,5,5,5,5,0,0,0,0,1,0,0,"Cell362"
1,1,1,1,1,1,1,1,1,1,1,1,0,0,0,0,0,0,"Cell363"
1,1,1,1,1,1,1,1,1,1,1,1,0,0,0,0,0,0,"Cell364"
4,4,4,4,4,4,4,4,4,4,4,0,0,0,1,0,0,0,"Cell365"
3,3,3,3,3,3,3,3,3,3,3,0,0,1,0,0,0,0,"Cell366"
2,2,2,2,2,2,2,2,2,2,2,0,1,0,0,0,0,0,"Cell367"
1,1,1,1,1,1,1,1,1,1,1,1,0,0,0,0,0,0,"Cell368"
4,4,4,4,4,4,4,4,4,4,4,0,0,0,1,0,0,0,"Cell369"
5,5,5,5,5,5,5,5,5,5,5,0,0,0,0,1,0,0,"Cell370"
3,3,3,3,3,3,3,3,3,3,3,0,0,1,0,0,0,0,"Cell371"
3,3,3,3,3,3,3,3,3,3,3,0,0,1,0,0,0,0,"Cell372"
3,3,3,3,3,3,3,3,3,3,3,0,0,1,0,0,0,0,"Cell373"
2,2,2,2,2,2,2,2,2,2,2,0,1,0,0,0,0,0,"Cell374"
1,1,1,1,1,1,1,1,1,1,1,1,0,0,0,0,0,0,"Cell375"
1,1,1,1,1,1,1,1,1,1,1,1,0,0,0,0,0,0,"Cell376"
4,4,4,4,4,4,4,4,4,4,4,0,0,0,1,0,0,0,"Cell377"
1,1,1,1,1,1,1,1,1,1,1,1,0,0,0,0,0,0,"Cell378"
4,4,4,4,4,4,4,4,4,4,4,0,0,0,1,0,0,0,"Cell379"
3,3,3,3,3,3,3,3,3,3,3,0,0,1,0,0,0,0,"Cell380"
3,3,3,3,3,3,3,3,3,3,3,0,0,1,0,0,0,0,"Cell381"
2,2,2,2,2,2,2,2,2,2,2,0,1,0,0,0,0,0,"Cell382"
5,5,5,5,5,5,5,5,5,5,5,0,0,0,0,1,0,0,"Cell383"
3,6,3,3,3,3,3,3,3,3,3,0,0,0.9,0,0,0.1,0,"Cell384"
1,1,1,1,1,1,1,1,1,1,1,1,0,0,0,0,0,0,"Cell385"
6,6,6,6,6,6,6,6,6,6,6,0,0,0,0,0,1,0,"Cell386"
3,3,3,3,3,3,3,3,3,3,3,0,0,1,0,0,0,0,"Cell387"
5,5,5,5,5,5,5,5,5,5,5,0,0,0,0,1,0,0,"Cell388"
1,1,1,1,1,1,1,1,1,1,1,1,0,0,0,0,0,0,"Cell389"
1,1,1,1,1,1,1,1,1,1,1,1,0,0,0,0,0,0,"Cell390"
2,2,2,2,2,2,2,2,2,2,2,0,1,0,0,0,0,0,"Cell391"
4,4,4,4,4,4,4,4,4,4,4,0,0,0,1,0,0,0,"Cell392"
2,2,2,2,2,2,2,2,2,2,2,0,1,0,0,0,0,0,"Cell393"
2,2,2,2,2,2,2,2,2,2,2,0,1,0,0,0,0,0,"Cell394"
5,5,5,5,5,5,5,5,5,5,5,0,0,0,0,1,0,0,"Cell395"
2,2,2,2,2,2,2,2,2,2,2,0,1,0,0,0,0,0,"Cell396"
2,2,2,2,2,2,2,2,2,2,2,0,1,0,0,0,0,0,"Cell397"
1,1,1,1,1,1,1,1,1,1,1,1,0,0,0,0,0,0,"Cell398"
6,6,6,6,6,6,6,6,6,6,6,0,0,0,0,0,1,0,"Cell399"
3,3,3,3,3,3,3,3,3,3,3,0,0,1,0,0,0,0,"Cell400"
2,2,2,2,2,2,2,2,2,2,2,0,1,0,0,0,0,0,"Cell401"
7,7,7,6,7,7,7,7,7,7,7,0,0,0,0,0,0.1,0.9,"Cell402"
1,1,1,1,1,1,1,1,1,1,1,1,0,0,0,0,0,0,"Cell403"
6,6,6,6,6,6,6,6,6,6,6,0,0,0,0,0,1,0,"Cell404"
1,1,1,1,1,1,1,1,1,1,1,1,0,0,0,0,0,0,"Cell405"
4,4,4,4,4,4,4,4,4,4,4,0,0,0,1,0,0,0,"Cell406"
4,4,4,4,4,4,4,4,4,4,4,0,0,0,1,0,0,0,"Cell407"
2,2,2,2,2,2,2,2,2,2,2,0,1,0,0,0,0,0,"Cell408"
6,6,6,6,6,6,6,6,6,6,6,0,0,0,0,0,1,0,"Cell409"
3,3,3,3,3,3,3,3,3,3,3,0,0,1,0,0,0,0,"Cell410"
6,6,6,6,6,6,6,6,6,6,6,0,0,0,0,0,1,0,"Cell411"
7,7,7,6,7,7,7,7,7,7,7,0,0,0,0,0,0.1,0.9,"Cell412"
4,4,4,4,4,4,4,4,4,4,4,0,0,0,1,0,0,0,"Cell413"
5,5,5,5,5,5,5,5,5,5,5,0,0,0,0,1,0,0,"Cell414"
4,4,4,4,4,4,4,4,4,4,4,0,0,0,1,0,0,0,"Cell415"
3,3,3,3,3,3,3,3,3,3,3,0,0,1,0,0,0,0,"Cell416"
5,5,5,5,5,5,5,5,5,5,5,0,0,0,0,1,0,0,"Cell417"
1,1,1,1,1,1,1,1,1,1,1,1,0,0,0,0,0,0,"Cell418"
1,1,1,1,1,1,1,1,1,1,1,1,0,0,0,0,0,0,"Cell419"
7,7,7,7,7,7,7,7,7,7,7,0,0,0,0,0,0,1,"Cell420"
3,6,3,3,3,3,3,3,3,3,3,0,0,0.9,0,0,0.1,0,"Cell421"
5,5,5,5,5,5,5,5,5,5,5,0,0,0,0,1,0,0,"Cell422"
3,3,3,3,3,3,3,3,3,3,3,0,0,1,0,0,0,0,"Cell423"
5,5,5,5,5,5,5,5,5,5,5,0,0,0,0,1,0,0,"Cell424"
6,6,6,6,6,6,6,6,6,6,6,0,0,0,0,0,1,0,"Cell425"
3,3,3,3,3,3,3,3,3,3,3,0,0,1,0,0,0,0,"Cell426"
6,6,6,6,6,6,6,6,6,6,6,0,0,0,0,0,1,0,"Cell427"
4,4,4,4,4,4,4,4,4,4,4,0,0,0,1,0,0,0,"Cell428"
7,7,7,7,7,7,7,7,7,7,7,0,0,0,0,0,0,1,"Cell429"
1,1,1,1,1,1,1,1,1,1,1,1,0,0,0,0,0,0,"Cell430"
1,1,1,1,1,1,1,1,1,1,1,1,0,0,0,0,0,0,"Cell431"
5,5,5,5,5,5,5,5,5,5,5,0,0,0,0,1,0,0,"Cell432"
5,5,5,5,5,5,5,5,5,5,5,0,0,0,0,1,0,0,"Cell433"
2,2,2,2,2,2,2,2,2,2,2,0,1,0,0,0,0,0,"Cell434"
7,7,7,7,7,7,7,7,7,7,7,0,0,0,0,0,0,1,"Cell435"
2,2,2,2,2,2,2,2,2,2,2,0,1,0,0,0,0,0,"Cell436"
1,1,1,1,1,1,1,1,1,1,1,1,0,0,0,0,0,0,"Cell437"
3,6,3,3,3,3,3,3,3,3,3,0,0,0.9,0,0,0.1,0,"Cell438"
6,6,6,6,6,6,6,6,6,6,6,0,0,0,0,0,1,0,"Cell439"
1,1,1,1,1,1,1,1,1,1,1,1,0,0,0,0,0,0,"Cell440"
5,5,5,5,5,5,5,5,5,5,5,0,0,0,0,1,0,0,"Cell441"
3,3,3,3,3,3,3,3,3,3,3,0,0,1,0,0,0,0,"Cell442"
5,5,5,5,5,5,5,5,5,5,5,0,0,0,0,1,0,0,"Cell443"
6,6,6,6,6,6,6,6,6,6,6,0,0,0,0,0,1,0,"Cell444"
2,2,2,2,2,2,2,2,2,2,2,0,1,0,0,0,0,0,"Cell445"
7,7,7,7,7,7,7,7,7,7,7,0,0,0,0,0,0,1,"Cell446"
1,1,1,1,1,1,1,1,1,1,1,1,0,0,0,0,0,0,"Cell447"
2,2,2,2,2,2,2,2,2,2,2,0,1,0,0,0,0,0,"Cell448"
6,6,6,6,6,6,6,6,6,6,6,0,0,0,0,0,1,0,"Cell449"
7,7,7,7,7,7,7,7,7,7,7,0,0,0,0,0,0,1,"Cell450"
6,6,6,6,6,6,6,6,6,6,6,0,0,0,0,0,1,0,"Cell451"
6,6,6,6,6,6,6,6,6,6,6,0,0,0,0,0,1,0,"Cell452"
5,5,5,5,5,5,5,5,5,5,5,0,0,0,0,1,0,0,"Cell453"
7,7,7,7,7,7,7,7,7,7,7,0,0,0,0,0,0,1,"Cell454"
6,6,6,6,6,6,6,6,6,6,6,0,0,0,0,0,1,0,"Cell455"
1,1,1,1,1,1,1,1,1,1,1,1,0,0,0,0,0,0,"Cell456"
2,2,2,2,2,2,2,2,2,2,2,0,1,0,0,0,0,0,"Cell457"
7,7,7,7,7,7,7,7,7,7,7,0,0,0,0,0,0,1,"Cell458"
3,3,3,3,3,3,3,3,3,3,3,0,0,1,0,0,0,0,"Cell459"
3,3,3,3,3,3,3,3,3,3,3,0,0,1,0,0,0,0,"Cell460"
3,3,3,3,3,3,3,3,3,3,3,0,0,1,0,0,0,0,"Cell461"
2,2,2,2,2,2,2,2,2,2,2,0,1,0,0,0,0,0,"Cell462"
5,5,5,5,5,5,5,5,5,5,5,0,0,0,0,1,0,0,"Cell463"
4,4,4,4,4,4,4,4,4,4,4,0,0,0,1,0,0,0,"Cell464"
5,5,5,5,5,5,5,5,5,5,5,0,0,0,0,1,0,0,"Cell465"
5,5,5,5,5,5,5,5,5,5,5,0,0,0,0,1,0,0,"Cell466"
4,4,4,4,4,4,4,4,4,4,4,0,0,0,1,0,0,0,"Cell467"
3,3,3,3,3,3,3,3,3,3,3,0,0,1,0,0,0,0,"Cell468"
2,2,2,2,2,2,2,2,2,2,2,0,1,0,0,0,0,0,"Cell469"
7,7,7,7,7,7,7,7,7,7,7,0,0,0,0,0,0,1,"Cell470"
7,7,7,6,7,7,7,7,7,7,7,0,0,0,0,0,0.1,0.9,"Cell471"
1,1,1,1,1,1,1,1,1,1,1,1,0,0,0,0,0,0,"Cell472"
5,5,5,5,5,5,5,5,5,5,5,0,0,0,0,1,0,0,"Cell473"
3,3,3,3,3,3,3,3,3,3,3,0,0,1,0,0,0,0,"Cell474"
5,5,5,5,5,5,5,5,5,5,5,0,0,0,0,1,0,0,"Cell475"
7,7,7,6,7,7,7,7,7,7,7,0,0,0,0,0,0.1,0.9,"Cell476"
1,1,1,1,1,1,1,1,1,1,1,1,0,0,0,0,0,0,"Cell477"
1,1,1,1,1,1,1,1,1,1,1,1,0,0,0,0,0,0,"Cell478"
3,3,3,3,3,3,3,3,3,3,3,0,0,1,0,0,0,0,"Cell479"
2,2,2,2,2,2,2,2,2,2,2,0,1,0,0,0,0,0,"Cell480"
7,7,7,7,7,7,7,7,7,7,7,0,0,0,0,0,0,1,"Cell481"
6,6,6,6,6,6,6,6,6,6,6,0,0,0,0,0,1,0,"Cell482"
7,7,7,7,7,7,7,7,7,7,7,0,0,0,0,0,0,1,"Cell483"
4,4,4,4,4,4,4,4,4,4,4,0,0,0,1,0,0,0,"Cell484"
5,5,5,5,5,5,5,5,5,5,5,0,0,0,0,1,0,0,"Cell485"
6,6,6,6,6,6,6,6,6,6,6,0,0,0,0,0,1,0,"Cell486"
3,3,3,3,3,3,3,3,3,3,3,0,0,1,0,0,0,0,"Cell487"
3,6,3,3,3,3,3,3,3,3,3,0,0,0.9,0,0,0.1,0,"Cell488"
6,6,6,6,6,6,6,6,6,6,6,0,0,0,0,0,1,0,"Cell489"
7,7,7,6,7,7,7,7,7,7,7,0,0,0,0,0,0.1,0.9,"Cell490"
7,7,7,7,7,7,7,7,7,7,7,0,0,0,0,0,0,1,"Cell491"
6,6,6,6,6,6,6,6,6,6,6,0,0,0,0,0,1,0,"Cell492"
7,7,7,7,7,7,7,7,7,7,7,0,0,0,0,0,0,1,"Cell493"
6,6,6,6,6,6,6,6,6,6,6,0,0,0,0,0,1,0,"Cell494"
6,6,6,6,6,6,6,6,6,6,6,0,0,0,0,0,1,0,"Cell495"
3,3,3,3,3,3,3,3,3,3,3,0,0,1,0,0,0,0,"Cell496"
2,2,2,2,2,2,2,2,2,2,2,0,1,0,0,0,0,0,"Cell497"
4,4,4,4,4,4,4,4,4,4,4,0,0,0,1,0,0,0,"Cell498"
6,6,6,6,6,6,6,6,6,6,6,0,0,0,0,0,1,0,"Cell499"
2,2,2,2,2,2,2,2,2,2,2,0,1,0,0,0,0,0,"Cell500"
7,7,7,7,7,7,7,7,7,7,7,0,0,0,0,0,0,1,"Cell501"
1,1,1,1,1,1,1,1,1,1,1,1,0,0,0,0,0,0,"Cell502"
7,7,7,7,7,7,7,7,7,7,7,0,0,0,0,0,0,1,"Cell503"
6,6,6,6,6,6,6,6,6,6,6,0,0,0,0,0,1,0,"Cell504"
4,4,4,4,4,4,4,4,4,4,4,0,0,0,1,0,0,0,"Cell505"
3,6,3,3,3,3,3,3,3,3,3,0,0,0.9,0,0,0.1,0,"Cell506"
7,7,7,6,7,7,7,7,7,7,7,0,0,0,0,0,0.1,0.9,"Cell507"
7,7,7,7,7,7,7,7,7,7,7,0,0,0,0,0,0,1,"Cell508"
3,3,3,3,3,3,3,3,3,3,3,0,0,1,0,0,0,0,"Cell509"
7,7,7,7,7,7,7,7,7,7,7,0,0,0,0,0,0,1,"Cell510"
2,2,2,2,2,2,2,2,2,2,2,0,1,0,0,0,0,0,"Cell511"
7,7,7,7,7,7,7,7,7,7,7,0,0,0,0,0,0,1,"Cell512"
6,6,6,6,6,6,6,6,6,6,6,0,0,0,0,0,1,0,"Cell513"
4,4,4,4,4,4,4,4,4,4,4,0,0,0,1,0,0,0,"Cell514"
6,6,6,6,6,6,6,6,6,6,6,0,0,0,0,0,1,0,"Cell515"
7,7,7,6,7,7,7,7,7,7,7,0,0,0,0,0,0.1,0.9,"Cell516"
6,6,6,6,6,6,6,6,6,6,6,0,0,0,0,0,1,0,"Cell517"
7,7,7,6,7,7,7,7,7,7,7,0,0,0,0,0,0.1,0.9,"Cell518"
1,1,1,1,1,1,1,1,1,1,1,1,0,0,0,0,0,0,"Cell519"
1,1,1,1,1,1,1,1,1,1,1,1,0,0,0,0,0,0,"Cell520"
3,6,3,3,3,3,3,3,3,3,3,0,0,0.9,0,0,0.1,0,"Cell521"
6,6,6,6,6,6,6,6,6,6,6,0,0,0,0,0,1,0,"Cell522"
4,4,4,4,4,4,4,4,4,4,4,0,0,0,1,0,0,0,"Cell523"
2,2,2,2,2,2,2,2,2,2,2,0,1,0,0,0,0,0,"Cell524"
5,5,5,5,5,5,5,5,5,5,5,0,0,0,0,1,0,0,"Cell525"
5,5,5,5,5,5,5,5,5,5,5,0,0,0,0,1,0,0,"Cell526"
7,7,7,6,7,7,7,7,7,7,7,0,0,0,0,0,0.1,0.9,"Cell527"
4,4,4,4,4,4,4,4,4,4,4,0,0,0,1,0,0,0,"Cell528"
7,7,7,6,7,7,7,7,7,7,7,0,0,0,0,0,0.1,0.9,"Cell529"
4,4,4,4,4,4,4,4,4,4,4,0,0,0,1,0,0,0,"Cell530"
2,2,2,2,2,2,2,2,2,2,2,0,1,0,0,0,0,0,"Cell531"
7,7,7,7,7,7,7,7,7,7,7,0,0,0,0,0,0,1,"Cell532"
6,6,6,6,6,6,6,6,6,6,6,0,0,0,0,0,1,0,"Cell533"
2,2,2,2,2,2,2,2,2,2,2,0,1,0,0,0,0,0,"Cell534"
6,6,6,6,6,6,6,6,6,6,6,0,0,0,0,0,1,0,"Cell535"
7,7,7,6,7,7,7,7,7,7,7,0,0,0,0,0,0.1,0.9,"Cell536"
2,2,2,2,2,2,2,2,2,2,2,0,1,0,0,0,0,0,"Cell537"
5,5,5,5,5,5,5,5,5,5,5,0,0,0,0,1,0,0,"Cell538"
5,5,5,5,5,5,5,5,5,5,5,0,0,0,0,1,0,0,"Cell539"
7,7,7,7,7,7,7,7,7,7,7,0,0,0,0,0,0,1,"Cell540"
1,1,1,1,1,1,1,1,1,1,1,1,0,0,0,0,0,0,"Cell541"
2,2,2,2,2,2,2,2,2,2,2,0,1,0,0,0,0,0,"Cell542"
2,2,2,2,2,2,2,2,2,2,2,0,1,0,0,0,0,0,"Cell543"
1,1,1,1,1,1,1,1,1,1,1,1,0,0,0,0,0,0,"Cell544"
6,6,6,6,6,6,6,6,6,6,6,0,0,0,0,0,1,0,"Cell545"
3,6,3,3,3,3,3,3,3,3,3,0,0,0.9,0,0,0.1,0,"Cell546"
4,4,4,4,4,4,4,4,4,4,4,0,0,0,1,0,0,0,"Cell547"
7,7,7,6,7,7,7,7,7,7,7,0,0,0,0,0,0.1,0.9,"Cell548"
2,2,2,2,2,2,2,2,2,2,2,0,1,0,0,0,0,0,"Cell549"
6,6,6,6,6,6,6,6,6,6,6,0,0,0,0,0,1,0,"Cell550"
6,6,6,6,6,6,6,6,6,6,6,0,0,0,0,0,1,0,"Cell551"
5,5,5,5,5,5,5,5,5,5,5,0,0,0,0,1,0,0,"Cell552"
6,6,6,6,6,6,6,6,6,6,6,0,0,0,0,0,1,0,"Cell553"
4,4,4,4,4,4,4,4,4,4,4,0,0,0,1,0,0,0,"Cell554"
4,4,4,4,4,4,4,4,4,4,4,0,0,0,1,0,0,0,"Cell555"
4,4,4,4,4,4,4,4,4,4,4,0,0,0,1,0,0,0,"Cell556"
1,1,1,1,1,1,1,1,1,1,1,1,0,0,0,0,0,0,"Cell557"
7,7,7,6,7,7,7,7,7,7,7,0,0,0,0,0,0.1,0.9,"Cell558"
5,5,5,5,5,5,5,5,5,5,5,0,0,0,0,1,0,0,"Cell559"
5,5,5,5,5,5,5,5,5,5,5,0,0,0,0,1,0,0,"Cell560"
3,6,3,3,3,3,3,3,3,3,3,0,0,0.9,0,0,0.1,0,"Cell561"
5,5,5,5,5,5,5,5,5,5,5,0,0,0,0,1,0,0,"Cell562"
3,6,3,3,3,3,3,3,3,3,3,0,0,0.9,0,0,0.1,0,"Cell563"
7,7,7,7,7,7,7,7,7,7,7,0,0,0,0,0,0,1,"Cell564"
2,2,2,2,2,2,2,2,2,2,2,0,1,0,0,0,0,0,"Cell565"
3,6,3,3,3,3,3,3,3,3,3,0,0,0.9,0,0,0.1,0,"Cell566"
3,3,3,3,3,3,3,3,3,3,3,0,0,1,0,0,0,0,"Cell567"
5,5,5,5,5,5,5,5,5,5,5,0,0,0,0,1,0,0,"Cell568"
2,2,2,2,2,2,2,2,2,2,2,0,1,0,0,0,0,0,"Cell569"
4,4,4,4,4,4,4,4,4,4,4,0,0,0,1,0,0,0,"Cell570"
2,2,2,2,2,2,2,2,2,2,2,0,1,0,0,0,0,0,"Cell571"
2,2,2,2,2,2,2,2,2,2,2,0,1,0,0,0,0,0,"Cell572"
6,6,6,6,6,6,6,6,6,6,6,0,0,0,0,0,1,0,"Cell573"
1,1,1,1,1,1,1,1,1,1,1,1,0,0,0,0,0,0,"Cell574"
4,4,4,4,4,4,4,4,4,4,4,0,0,0,1,0,0,0,"Cell575"
4,4,4,4,4,4,4,4,4,4,4,0,0,0,1,0,0,0,"Cell576"
3,3,3,3,3,3,3,3,3,3,3,0,0,1,0,0,0,0,"Cell577"
6,6,6,6,6,6,6,6,6,6,6,0,0,0,0,0,1,0,"Cell578"
5,5,5,5,5,5,5,5,5,5,5,0,0,0,0,1,0,0,"Cell579"
7,7,7,7,7,7,7,7,7,7,7,0,0,0,0,0,0,1,"Cell580"
5,5,5,5,5,5,5,5,5,5,5,0,0,0,0,1,0,0,"Cell581"
7,7,7,6,7,7,7,7,7,7,7,0,0,0,0,0,0.1,0.9,"Cell582"
6,6,6,6,6,6,6,6,6,6,6,0,0,0,0,0,1,0,"Cell583"
6,6,6,6,6,6,6,6,6,6,6,0,0,0,0,0,1,0,"Cell584"
5,5,5,5,5,5,5,5,5,5,5,0,0,0,0,1,0,0,"Cell585"
1,1,1,1,1,1,1,1,1,1,1,1,0,0,0,0,0,0,"Cell586"
4,4,4,4,4,4,4,4,4,4,4,0,0,0,1,0,0,0,"Cell587"
3,6,3,3,3,3,3,3,3,3,3,0,0,0.9,0,0,0.1,0,"Cell588"
2,2,2,2,2,2,2,2,2,2,2,0,1,0,0,0,0,0,"Cell589"
5,5,5,5,5,5,5,5,5,5,5,0,0,0,0,1,0,0,"Cell590"
1,1,1,1,1,1,1,1,1,1,1,1,0,0,0,0,0,0,"Cell591"
7,7,7,6,7,7,7,7,7,7,7,0,0,0,0,0,0.1,0.9,"Cell592"
1,1,1,1,1,1,1,1,1,1,1,1,0,0,0,0,0,0,"Cell593"
6,6,6,6,6,6,6,6,6,6,6,0,0,0,0,0,1,0,"Cell594"
5,5,5,5,5,5,5,5,5,5,5,0,0,0,0,1,0,0,"Cell595"
2,2,2,2,2,2,2,2,2,2,2,0,1,0,0,0,0,0,"Cell596"
6,6,6,6,6,6,6,6,6,6,6,0,0,0,0,0,1,0,"Cell597"
4,4,4,4,4,4,4,4,4,4,4,0,0,0,1,0,0,0,"Cell598"
2,2,2,2,2,2,2,2,2,2,2,0,1,0,0,0,0,0,"Cell599"
3,3,3,3,3,3,3,3,3,3,3,0,0,1,0,0,0,0,"Cell600"
5,5,5,5,5,5,5,5,5,5,5,0,0,0,0,1,0,0,"Cell601"
3,3,3,3,3,3,3,3,3,3,3,0,0,1,0,0,0,0,"Cell602"
6,6,6,6,6,6,6,6,6,6,6,0,0,0,0,0,1,0,"Cell603"
2,2,2,2,2,2,2,2,2,2,2,0,1,0,0,0,0,0,"Cell604"
4,4,4,4,4,4,4,4,4,4,4,0,0,0,1,0,0,0,"Cell605"
7,7,7,7,7,7,7,7,7,7,7,0,0,0,0,0,0,1,"Cell606"
1,1,1,1,1,1,1,1,1,1,1,1,0,0,0,0,0,0,"Cell607"
5,5,5,5,5,5,5,5,5,5,5,0,0,0,0,1,0,0,"Cell608"
7,7,7,7,7,7,7,7,7,7,7,0,0,0,0,0,0,1,"Cell609"
7,7,7,6,7,7,7,7,7,7,7,0,0,0,0,0,0.1,0.9,"Cell610"
5,5,5,5,5,5,5,5,5,5,5,0,0,0,0,1,0,0,"Cell611"
7,7,7,6,7,7,7,7,7,7,7,0,0,0,0,0,0.1,0.9,"Cell612"
4,4,4,4,4,4,4,4,4,4,4,0,0,0,1,0,0,0,"Cell613"
2,2,2,2,2,2,2,2,2,2,2,0,1,0,0,0,0,0,"Cell614"
4,4,4,4,4,4,4,4,4,4,4,0,0,0,1,0,0,0,"Cell615"
3,3,3,3,3,3,3,3,3,3,3,0,0,1,0,0,0,0,"Cell616"
7,7,7,7,7,7,7,7,7,7,7,0,0,0,0,0,0,1,"Cell617"
2,2,2,2,2,2,2,2,2,2,2,0,1,0,0,0,0,0,"Cell618"
4,4,4,4,4,4,4,4,4,4,4,0,0,0,1,0,0,0,"Cell619"
5,5,5,5,5,5,5,5,5,5,5,0,0,0,0,1,0,0,"Cell620"
5,5,5,5,5,5,5,5,5,5,5,0,0,0,0,1,0,0,"Cell621"
5,5,5,5,5,5,5,5,5,5,5,0,0,0,0,1,0,0,"Cell622"
6,6,6,6,6,6,6,6,6,6,6,0,0,0,0,0,1,0,"Cell623"
3,3,3,3,3,3,3,3,3,3,3,0,0,1,0,0,0,0,"Cell624"
6,6,6,6,6,6,6,6,6,6,6,0,0,0,0,0,1,0,"Cell625"
3,6,3,3,3,3,3,3,3,3,3,0,0,0.9,0,0,0.1,0,"Cell626"
3,3,3,3,3,3,3,3,3,3,3,0,0,1,0,0,0,0,"Cell627"
1,1,1,1,1,1,1,1,1,1,1,1,0,0,0,0,0,0,"Cell628"
7,7,7,6,7,7,7,7,7,7,7,0,0,0,0,0,0.1,0.9,"Cell629"
5,5,5,5,5,5,5,5,5,5,5,0,0,0,0,1,0,0,"Cell630"
6,6,6,6,6,6,6,6,6,6,6,0,0,0,0,0,1,0,"Cell631"
7,7,7,7,7,7,7,7,7,7,7,0,0,0,0,0,0,1,"Cell632"
5,5,5,5,5,5,5,5,5,5,5,0,0,0,0,1,0,0,"Cell633"
5,5,5,5,5,5,5,5,5,5,5,0,0,0,0,1,0,0,"Cell634"
3,3,3,3,3,3,3,3,3,3,3,0,0,1,0,0,0,0,"Cell635"
2,2,2,2,2,2,2,2,2,2,2,0,1,0,0,0,0,0,"Cell636"
1,1,1,1,1,1,1,1,1,1,1,1,0,0,0,0,0,0,"Cell637"
3,3,3,3,3,3,3,3,3,3,3,0,0,1,0,0,0,0,"Cell638"
7,7,7,7,7,7,7,7,7,7,7,0,0,0,0,0,0,1,"Cell639"
5,5,5,5,5,5,5,5,5,5,5,0,0,0,0,1,0,0,"Cell640"
7,7,7,7,7,7,7,7,7,7,7,0,0,0,0,0,0,1,"Cell641"
6,6,6,6,6,6,6,6,6,6,6,0,0,0,0,0,1,0,"Cell642"
3,3,3,3,3,3,3,3,3,3,3,0,0,1,0,0,0,0,"Cell643"
7,7,7,6,7,7,7,7,7,7,7,0,0,0,0,0,0.1,0.9,"Cell644"
7,7,7,7,7,7,7,7,7,7,7,0,0,0,0,0,0,1,"Cell645"
3,6,3,3,3,3,3,3,3,3,3,0,0,0.9,0,0,0.1,0,"Cell646"
2,2,2,2,2,2,2,2,2,2,2,0,1,0,0,0,0,0,"Cell647"
3,6,3,3,3,3,3,3,3,3,3,0,0,0.9,0,0,0.1,0,"Cell648"
6,6,6,6,6,6,6,6,6,6,6,0,0,0,0,0,1,0,"Cell649"
5,5,5,5,5,5,5,5,5,5,5,0,0,0,0,1,0,0,"Cell650"
2,2,2,2,2,2,2,2,2,2,2,0,1,0,0,0,0,0,"Cell651"
6,6,6,6,6,6,6,6,6,6,6,0,0,0,0,0,1,0,"Cell652"
1,1,1,1,1,1,1,1,1,1,1,1,0,0,0,0,0,0,"Cell653"
2,2,2,2,2,2,2,2,2,2,2,0,1,0,0,0,0,0,"Cell654"
3,3,3,3,3,3,3,3,3,3,3,0,0,1,0,0,0,0,"Cell655"
5,5,5,5,5,5,5,5,5,5,5,0,0,0,0,1,0,0,"Cell656"
4,4,4,4,4,4,4,4,4,4,4,0,0,0,1,0,0,0,"Cell657"
1,1,1,1,1,1,1,1,1,1,1,1,0,0,0,0,0,0,"Cell658"
3,3,3,3,3,3,3,3,3,3,3,0,0,1,0,0,0,0,"Cell659"
6,6,6,6,6,6,6,6,6,6,6,0,0,0,0,0,1,0,"Cell660"
1,1,1,1,1,1,1,1,1,1,1,1,0,0,0,0,0,0,"Cell661"
5,5,5,5,5,5,5,5,5,5,5,0,0,0,0,1,0,0,"Cell662"
2,2,2,2,2,2,2,2,2,2,2,0,1,0,0,0,0,0,"Cell663"
7,7,7,6,7,7,7,7,7,7,7,0,0,0,0,0,0.1,0.9,"Cell664"
2,2,2,2,2,2,2,2,2,2,2,0,1,0,0,0,0,0,"Cell665"
1,1,1,1,1,1,1,1,1,1,1,1,0,0,0,0,0,0,"Cell666"
1,1,1,1,1,1,1,1,1,1,1,1,0,0,0,0,0,0,"Cell667"
2,2,2,2,2,2,2,2,2,2,2,0,1,0,0,0,0,0,"Cell668"
5,5,5,5,5,5,5,5,5,5,5,0,0,0,0,1,0,0,"Cell669"
5,5,5,5,5,5,5,5,5,5,5,0,0,0,0,1,0,0,"Cell670"
4,4,4,4,4,4,4,4,4,4,4,0,0,0,1,0,0,0,"Cell671"
6,6,6,6,6,6,6,6,6,6,6,0,0,0,0,0,1,0,"Cell672"
6,6,6,6,6,6,6,6,6,6,6,0,0,0,0,0,1,0,"Cell673"
2,2,2,2,2,2,2,2,2,2,2,0,1,0,0,0,0,0,"Cell674"
6,6,6,6,6,6,6,6,6,6,6,0,0,0,0,0,1,0,"Cell675"
6,6,6,6,6,6,6,6,6,6,6,0,0,0,0,0,1,0,"Cell676"
1,1,1,1,1,1,1,1,1,1,1,1,0,0,0,0,0,0,"Cell677"
1,1,1,1,1,1,1,1,1,1,1,1,0,0,0,0,0,0,"Cell678"
1,1,1,1,1,1,1,1,1,1,1,1,0,0,0,0,0,0,"Cell679"
6,6,6,6,6,6,6,6,6,6,6,0,0,0,0,0,1,0,"Cell680"
7,7,7,6,7,7,7,7,7,7,7,0,0,0,0,0,0.1,0.9,"Cell681"
2,2,2,2,2,2,2,2,2,2,2,0,1,0,0,0,0,0,"Cell682"
3,3,3,3,3,3,3,3,3,3,3,0,0,1,0,0,0,0,"Cell683"
2,2,2,2,2,2,2,2,2,2,2,0,1,0,0,0,0,0,"Cell684"
4,4,4,4,4,4,4,4,4,4,4,0,0,0,1,0,0,0,"Cell685"
7,7,7,7,7,7,7,7,7,7,7,0,0,0,0,0,0,1,"Cell686"
1,1,1,1,1,1,1,1,1,1,1,1,0,0,0,0,0,0,"Cell687"
4,4,4,4,4,4,4,4,4,4,4,0,0,0,1,0,0,0,"Cell688"
5,5,5,5,5,5,5,5,5,5,5,0,0,0,0,1,0,0,"Cell689"
7,7,7,7,7,7,7,7,7,7,7,0,0,0,0,0,0,1,"Cell690"
1,1,1,1,1,1,1,1,1,1,1,1,0,0,0,0,0,0,"Cell691"
4,4,4,4,4,4,4,4,4,4,4,0,0,0,1,0,0,0,"Cell692"
6,6,6,6,6,6,6,6,6,6,6,0,0,0,0,0,1,0,"Cell693"
1,1,1,1,1,1,1,1,1,1,1,1,0,0,0,0,0,0,"Cell694"
4,4,4,4,4,4,4,4,4,4,4,0,0,0,1,0,0,0,"Cell695"
6,6,6,6,6,6,6,6,6,6,6,0,0,0,0,0,1,0,"Cell696"
2,2,2,2,2,2,2,2,2,2,2,0,1,0,0,0,0,0,"Cell697"
4,4,4,4,4,4,4,4,4,4,4,0,0,0,1,0,0,0,"Cell698"
3,3,3,3,3,3,3,3,3,3,3,0,0,1,0,0,0,0,"Cell699"
2,2,2,2,2,2,2,2,2,2,2,0,1,0,0,0,0,0,"Cell700"
5,5,5,5,5,5,5,5,5,5,5,0,0,0,0,1,0,0,"Cell701"
5,5,5,5,5,5,5,5,5,5,5,0,0,0,0,1,0,0,"Cell702"
4,4,4,4,4,4,4,4,4,4,4,0,0,0,1,0,0,0,"Cell703"
2,2,2,2,2,2,2,2,2,2,2,0,1,0,0,0,0,0,"Cell704"
2,2,2,2,2,2,2,2,2,2,2,0,1,0,0,0,0,0,"Cell705"
2,2,2,2,2,2,2,2,2,2,2,0,1,0,0,0,0,0,"Cell706"
4,4,4,4,4,4,4,4,4,4,4,0,0,0,1,0,0,0,"Cell707"
6,6,6,6,6,6,6,6,6,6,6,0,0,0,0,0,1,0,"Cell708"
2,2,2,2,2,2,2,2,2,2,2,0,1,0,0,0,0,0,"Cell709"
5,5,5,5,5,5,5,5,5,5,5,0,0,0,0,1,0,0,"Cell710"
1,1,1,1,1,1,1,1,1,1,1,1,0,0,0,0,0,0,"Cell711"
3,6,3,3,3,3,3,3,3,3,3,0,0,0.9,0,0,0.1,0,"Cell712"
6,6,6,6,6,6,6,6,6,6,6,0,0,0,0,0,1,0,"Cell713"
7,7,7,6,7,7,7,7,7,7,7,0,0,0,0,0,0.1,0.9,"Cell714"
1,1,1,1,1,1,1,1,1,1,1,1,0,0,0,0,0,0,"Cell715"
2,2,2,2,2,2,2,2,2,2,2,0,1,0,0,0,0,0,"Cell716"
3,3,3,3,3,3,3,3,3,3,3,0,0,1,0,0,0,0,"Cell717"
7,7,7,7,7,7,7,7,7,7,7,0,0,0,0,0,0,1,"Cell718"
6,6,6,6,6,6,6,6,6,6,6,0,0,0,0,0,1,0,"Cell719"
6,6,6,6,6,6,6,6,6,6,6,0,0,0,0,0,1,0,"Cell720"
3,6,3,3,3,3,3,3,3,3,3,0,0,0.9,0,0,0.1,0,"Cell721"
4,4,4,4,4,4,4,4,4,4,4,0,0,0,1,0,0,0,"Cell722"
4,4,4,4,4,4,4,4,4,4,4,0,0,0,1,0,0,0,"Cell723"
1,1,1,1,1,1,1,1,1,1,1,1,0,0,0,0,0,0,"Cell724"
7,7,7,7,7,7,7,7,7,7,7,0,0,0,0,0,0,1,"Cell725"
2,2,2,2,2,2,2,2,2,2,2,0,1,0,0,0,0,0,"Cell726"
1,1,1,1,1,1,1,1,1,1,1,1,0,0,0,0,0,0,"Cell727"
1,1,1,1,1,1,1,1,1,1,1,1,0,0,0,0,0,0,"Cell728"
6,6,6,6,6,6,6,6,6,6,6,0,0,0,0,0,1,0,"Cell729"
1,1,1,1,1,1,1,1,1,1,1,1,0,0,0,0,0,0,"Cell730"
1,1,1,1,1,1,1,1,1,1,1,1,0,0,0,0,0,0,"Cell731"
6,6,6,6,6,6,6,6,6,6,6,0,0,0,0,0,1,0,"Cell732"
4,4,4,4,4,4,4,4,4,4,4,0,0,0,1,0,0,0,"Cell733"
4,4,4,4,4,4,4,4,4,4,4,0,0,0,1,0,0,0,"Cell734"
5,5,5,5,5,5,5,5,5,5,5,0,0,0,0,1,0,0,"Cell735"
2,2,2,2,2,2,2,2,2,2,2,0,1,0,0,0,0,0,"Cell736"
2,2,2,2,2,2,2,2,2,2,2,0,1,0,0,0,0,0,"Cell737"
5,5,5,5,5,5,5,5,5,5,5,0,0,0,0,1,0,0,"Cell738"
5,5,5,5,5,5,5,5,5,5,5,0,0,0,0,1,0,0,"Cell739"
5,5,5,5,5,5,5,5,5,5,5,0,0,0,0,1,0,0,"Cell740"
7,7,7,7,7,7,7,7,7,7,7,0,0,0,0,0,0,1,"Cell741"
2,2,2,2,2,2,2,2,2,2,2,0,1,0,0,0,0,0,"Cell742"
4,4,4,4,4,4,4,4,4,4,4,0,0,0,1,0,0,0,"Cell743"
7,7,7,7,7,7,7,7,7,7,7,0,0,0,0,0,0,1,"Cell744"
1,1,1,1,1,1,1,1,1,1,1,1,0,0,0,0,0,0,"Cell745"
5,5,5,5,5,5,5,5,5,5,5,0,0,0,0,1,0,0,"Cell746"
4,4,4,4,4,4,4,4,4,4,4,0,0,0,1,0,0,0,"Cell747"
6,6,6,6,6,6,6,6,6,6,6,0,0,0,0,0,1,0,"Cell748"
5,5,5,5,5,5,5,5,5,5,5,0,0,0,0,1,0,0,"Cell749"
6,6,6,6,6,6,6,6,6,6,6,0,0,0,0,0,1,0,"Cell750"
1,1,1,1,1,1,1,1,1,1,1,1,0,0,0,0,0,0,"Cell751"
5,5,5,5,5,5,5,5,5,5,5,0,0,0,0,1,0,0,"Cell752"
6,6,6,6,6,6,6,6,6,6,6,0,0,0,0,0,1,0,"Cell753"
6,6,6,6,6,6,6,6,6,6,6,0,0,0,0,0,1,0,"Cell754"
6,6,6,6,6,6,6,6,6,6,6,0,0,0,0,0,1,0,"Cell755"
7,7,7,7,7,7,7,7,7,7,7,0,0,0,0,0,0,1,"Cell756"
2,2,2,2,2,2,2,2,2,2,2,0,1,0,0,0,0,0,"Cell757"
3,3,3,3,3,3,3,3,3,3,3,0,0,1,0,0,0,0,"Cell758"
2,2,2,2,2,2,2,2,2,2,2,0,1,0,0,0,0,0,"Cell759"
4,4,4,4,4,4,4,4,4,4,4,0,0,0,1,0,0,0,"Cell760"
4,4,4,4,4,4,4,4,4,4,4,0,0,0,1,0,0,0,"Cell761"
4,4,4,4,4,4,4,4,4,4,4,0,0,0,1,0,0,0,"Cell762"
6,6,6,6,6,6,6,6,6,6,6,0,0,0,0,0,1,0,"Cell763"
6,6,6,6,6,6,6,6,6,6,6,0,0,0,0,0,1,0,"Cell764"
7,7,7,7,7,7,7,7,7,7,7,0,0,0,0,0,0,1,"Cell765"
5,5,5,5,5,5,5,5,5,5,5,0,0,0,0,1,0,0,"Cell766"
3,6,3,3,3,3,3,3,3,3,3,0,0,0.9,0,0,0.1,0,"Cell767"
7,7,7,7,7,7,7,7,7,7,7,0,0,0,0,0,0,1,"Cell768"
5,5,5,5,5,5,5,5,5,5,5,0,0,0,0,1,0,0,"Cell769"
7,7,7,7,7,7,7,7,7,7,7,0,0,0,0,0,0,1,"Cell770"
5,5,5,5,5,5,5,5,5,5,5,0,0,0,0,1,0,0,"Cell771"
6,6,6,6,6,6,6,6,6,6,6,0,0,0,0,0,1,0,"Cell772"
3,6,3,3,3,3,3,3,3,3,3,0,0,0.9,0,0,0.1,0,"Cell773"
7,7,7,7,7,7,7,7,7,7,7,0,0,0,0,0,0,1,"Cell774"
2,2,2,2,2,2,2,2,2,2,2,0,1,0,0,0,0,0,"Cell775"
5,5,5,5,5,5,5,5,5,5,5,0,0,0,0,1,0,0,"Cell776"
1,1,1,1,1,1,1,1,1,1,1,1,0,0,0,0,0,0,"Cell777"
1,1,1,1,1,1,1,1,1,1,1,1,0,0,0,0,0,0,"Cell778"
3,3,3,3,3,3,3,3,3,3,3,0,0,1,0,0,0,0,"Cell779"
5,5,5,5,5,5,5,5,5,5,5,0,0,0,0,1,0,0,"Cell780"
2,2,2,2,2,2,2,2,2,2,2,0,1,0,0,0,0,0,"Cell781"
6,6,6,6,6,6,6,6,6,6,6,0,0,0,0,0,1,0,"Cell782"
3,6,3,3,3,3,3,3,3,3,3,0,0,0.9,0,0,0.1,0,"Cell783"
4,4,4,4,4,4,4,4,4,4,4,0,0,0,1,0,0,0,"Cell784"
4,4,4,4,4,4,4,4,4,4,4,0,0,0,1,0,0,0,"Cell785"
6,6,6,6,6,6,6,6,6,6,6,0,0,0,0,0,1,0,"Cell786"
2,2,2,2,2,2,2,2,2,2,2,0,1,0,0,0,0,0,"Cell787"
5,5,5,5,5,5,5,5,5,5,5,0,0,0,0,1,0,0,"Cell788"
6,6,6,6,6,6,6,6,6,6,6,0,0,0,0,0,1,0,"Cell789"
6,6,6,6,6,6,6,6,6,6,6,0,0,0,0,0,1,0,"Cell790"
4,4,4,4,4,4,4,4,4,4,4,0,0,0,1,0,0,0,"Cell791"
7,7,7,7,7,7,7,7,7,7,7,0,0,0,0,0,0,1,"Cell792"
6,6,6,6,6,6,6,6,6,6,6,0,0,0,0,0,1,0,"Cell793"
3,3,3,3,3,3,3,3,3,3,3,0,0,1,0,0,0,0,"Cell794"
6,6,6,6,6,6,6,6,6,6,6,0,0,0,0,0,1,0,"Cell795"
5,5,5,5,5,5,5,5,5,5,5,0,0,0,0,1,0,0,"Cell796"
5,5,5,5,5,5,5,5,5,5,5,0,0,0,0,1,0,0,"Cell797"
4,4,4,4,4,4,4,4,4,4,4,0,0,0,1,0,0,0,"Cell798"
7,7,7,6,7,7,7,7,7,7,7,0,0,0,0,0,0.1,0.9,"Cell799"
4,4,4,4,4,4,4,4,4,4,4,0,0,0,1,0,0,0,"Cell800"
4,4,4,4,4,4,4,4,4,4,4,0,0,0,1,0,0,0,"Cell801"
4,4,4,4,4,4,4,4,4,4,4,0,0,0,1,0,0,0,"Cell802"
4,4,4,4,4,4,4,4,4,4,4,0,0,0,1,0,0,0,"Cell803"
6,6,6,6,6,6,6,6,6,6,6,0,0,0,0,0,1,0,"Cell804"
1,1,1,1,1,1,1,1,1,1,1,1,0,0,0,0,0,0,"Cell805"
7,7,7,7,7,7,7,7,7,7,7,0,0,0,0,0,0,1,"Cell806"
1,1,1,1,1,1,1,1,1,1,1,1,0,0,0,0,0,0,"Cell807"
5,5,5,5,5,5,5,5,5,5,5,0,0,0,0,1,0,0,"Cell808"
7,7,7,7,7,7,7,7,7,7,7,0,0,0,0,0,0,1,"Cell809"
4,4,4,4,4,4,4,4,4,4,4,0,0,0,1,0,0,0,"Cell810"
2,2,2,2,2,2,2,2,2,2,2,0,1,0,0,0,0,0,"Cell811"
3,6,3,3,3,3,3,3,3,3,3,0,0,0.9,0,0,0.1,0,"Cell812"
1,1,1,1,1,1,1,1,1,1,1,1,0,0,0,0,0,0,"Cell813"
7,7,7,7,7,7,7,7,7,7,7,0,0,0,0,0,0,1,"Cell814"
3,6,3,3,3,3,3,3,3,3,3,0,0,0.9,0,0,0.1,0,"Cell815"
1,1,1,1,1,1,1,1,1,1,1,1,0,0,0,0,0,0,"Cell816"
7,7,7,6,7,7,7,7,7,7,7,0,0,0,0,0,0.1,0.9,"Cell817"
4,4,4,4,4,4,4,4,4,4,4,0,0,0,1,0,0,0,"Cell818"
7,7,7,6,7,7,7,7,7,7,7,0,0,0,0,0,0.1,0.9,"Cell819"
5,5,5,5,5,5,5,5,5,5,5,0,0,0,0,1,0,0,"Cell820"
1,1,1,1,1,1,1,1,1,1,1,1,0,0,0,0,0,0,"Cell821"
1,1,1,1,1,1,1,1,1,1,1,1,0,0,0,0,0,0,"Cell822"
3,6,3,3,3,3,3,3,3,3,3,0,0,0.9,0,0,0.1,0,"Cell823"
6,6,6,6,6,6,6,6,6,6,6,0,0,0,0,0,1,0,"Cell824"
6,6,6,6,6,6,6,6,6,6,6,0,0,0,0,0,1,0,"Cell825"
1,1,1,1,1,1,1,1,1,1,1,1,0,0,0,0,0,0,"Cell826"
3,3,3,3,3,3,3,3,3,3,3,0,0,1,0,0,0,0,"Cell827"
4,4,4,4,4,4,4,4,4,4,4,0,0,0,1,0,0,0,"Cell828"
1,1,1,1,1,1,1,1,1,1,1,1,0,0,0,0,0,0,"Cell829"
5,5,5,5,5,5,5,5,5,5,5,0,0,0,0,1,0,0,"Cell830"
4,4,4,4,4,4,4,4,4,4,4,0,0,0,1,0,0,0,"Cell831"
2,2,2,2,2,2,2,2,2,2,2,0,1,0,0,0,0,0,"Cell832"
5,5,5,5,5,5,5,5,5,5,5,0,0,0,0,1,0,0,"Cell833"
3,3,3,3,3,3,3,3,3,3,3,0,0,1,0,0,0,0,"Cell834"
4,4,4,4,4,4,4,4,4,4,4,0,0,0,1,0,0,0,"Cell835"
4,4,4,4,4,4,4,4,4,4,4,0,0,0,1,0,0,0,"Cell836"
7,7,7,7,7,7,7,7,7,7,7,0,0,0,0,0,0,1,"Cell837"
3,6,3,3,3,3,3,3,3,3,3,0,0,0.9,0,0,0.1,0,"Cell838"
2,2,2,2,2,2,2,2,2,2,2,0,1,0,0,0,0,0,"Cell839"
6,6,6,6,6,6,6,6,6,6,6,0,0,0,0,0,1,0,"Cell840"
6,6,6,6,6,6,6,6,6,6,6,0,0,0,0,0,1,0,"Cell841"
6,6,6,6,6,6,6,6,6,6,6,0,0,0,0,0,1,0,"Cell842"
2,2,2,2,2,2,2,2,2,2,2,0,1,0,0,0,0,0,"Cell843"
1,1,1,1,1,1,1,1,1,1,1,1,0,0,0,0,0,0,"Cell844"
1,1,1,1,1,1,1,1,1,1,1,1,0,0,0,0,0,0,"Cell845"
5,5,5,5,5,5,5,5,5,5,5,0,0,0,0,1,0,0,"Cell846"
3,6,3,3,3,3,3,3,3,3,3,0,0,0.9,0,0,0.1,0,"Cell847"
2,2,2,2,2,2,2,2,2,2,2,0,1,0,0,0,0,0,"Cell848"
6,6,6,6,6,6,6,6,6,6,6,0,0,0,0,0,1,0,"Cell849"
4,4,4,4,4,4,4,4,4,4,4,0,0,0,1,0,0,0,"Cell850"
7,7,7,7,7,7,7,7,7,7,7,0,0,0,0,0,0,1,"Cell851"
2,2,2,2,2,2,2,2,2,2,2,0,1,0,0,0,0,0,"Cell852"
5,5,5,5,5,5,5,5,5,5,5,0,0,0,0,1,0,0,"Cell853"
1,1,1,1,1,1,1,1,1,1,1,1,0,0,0,0,0,0,"Cell854"
2,2,2,2,2,2,2,2,2,2,2,0,1,0,0,0,0,0,"Cell855"
2,2,2,2,2,2,2,2,2,2,2,0,1,0,0,0,0,0,"Cell856"
6,6,6,6,6,6,6,6,6,6,6,0,0,0,0,0,1,0,"Cell857"
3,3,3,3,3,3,3,3,3,3,3,0,0,1,0,0,0,0,"Cell858"
5,5,5,5,5,5,5,5,5,5,5,0,0,0,0,1,0,0,"Cell859"
2,2,2,2,2,2,2,2,2,2,2,0,1,0,0,0,0,0,"Cell860"
1,1,1,1,1,1,1,1,1,1,1,1,0,0,0,0,0,0,"Cell861"
1,1,1,1,1,1,1,1,1,1,1,1,0,0,0,0,0,0,"Cell862"
7,7,7,6,7,7,7,7,7,7,7,0,0,0,0,0,0.1,0.9,"Cell863"
1,1,1,1,1,1,1,1,1,1,1,1,0,0,0,0,0,0,"Cell864"
2,2,2,2,2,2,2,2,2,2,2,0,1,0,0,0,0,0,"Cell865"
1,1,1,1,1,1,1,1,1,1,1,1,0,0,0,0,0,0,"Cell866"
7,7,7,7,7,7,7,7,7,7,7,0,0,0,0,0,0,1,"Cell867"
6,6,6,6,6,6,6,6,6,6,6,0,0,0,0,0,1,0,"Cell868"
6,6,6,6,6,6,6,6,6,6,6,0,0,0,0,0,1,0,"Cell869"
4,4,4,4,4,4,4,4,4,4,4,0,0,0,1,0,0,0,"Cell870"
1,1,1,1,1,1,1,1,1,1,1,1,0,0,0,0,0,0,"Cell871"
3,3,3,3,3,3,3,3,3,3,3,0,0,1,0,0,0,0,"Cell872"
7,7,7,7,7,7,7,7,7,7,7,0,0,0,0,0,0,1,"Cell873"
4,4,4,4,4,4,4,4,4,4,4,0,0,0,1,0,0,0,"Cell874"
2,2,2,2,2,2,2,2,2,2,2,0,1,0,0,0,0,0,"Cell875"
2,2,2,2,2,2,2,2,2,2,2,0,1,0,0,0,0,0,"Cell876"
7,7,7,7,7,7,7,7,7,7,7,0,0,0,0,0,0,1,"Cell877"
5,5,5,5,5,5,5,5,5,5,5,0,0,0,0,1,0,0,"Cell878"
7,7,7,7,7,7,7,7,7,7,7,0,0,0,0,0,0,1,"Cell879"
2,2,2,2,2,2,2,2,2,2,2,0,1,0,0,0,0,0,"Cell880"
5,5,5,5,5,5,5,5,5,5,5,0,0,0,0,1,0,0,"Cell881"
4,4,4,4,4,4,4,4,4,4,4,0,0,0,1,0,0,0,"Cell882"
7,7,7,7,7,7,7,7,7,7,7,0,0,0,0,0,0,1,"Cell883"
3,3,3,3,3,3,3,3,3,3,3,0,0,1,0,0,0,0,"Cell884"
1,1,1,1,1,1,1,1,1,1,1,1,0,0,0,0,0,0,"Cell885"
7,7,7,7,7,7,7,7,7,7,7,0,0,0,0,0,0,1,"Cell886"
1,1,1,1,1,1,1,1,1,1,1,1,0,0,0,0,0,0,"Cell887"
4,4,4,4,4,4,4,4,4,4,4,0,0,0,1,0,0,0,"Cell888"
7,7,7,7,7,7,7,7,7,7,7,0,0,0,0,0,0,1,"Cell889"
3,3,3,3,3,3,3,3,3,3,3,0,0,1,0,0,0,0,"Cell890"
5,5,5,5,5,5,5,5,5,5,5,0,0,0,0,1,0,0,"Cell891"
4,4,4,4,4,4,4,4,4,4,4,0,0,0,1,0,0,0,"Cell892"
7,7,7,6,7,7,7,7,7,7,7,0,0,0,0,0,0.1,0.9,"Cell893"
3,3,3,3,3,3,3,3,3,3,3,0,0,1,0,0,0,0,"Cell894"
1,1,1,1,1,1,1,1,1,1,1,1,0,0,0,0,0,0,"Cell895"
6,6,6,6,6,6,6,6,6,6,6,0,0,0,0,0,1,0,"Cell896"
7,7,7,7,7,7,7,7,7,7,7,0,0,0,0,0,0,1,"Cell897"
4,4,4,4,4,4,4,4,4,4,4,0,0,0,1,0,0,0,"Cell898"
3,6,3,3,3,3,3,3,3,3,3,0,0,0.9,0,0,0.1,0,"Cell899"
4,4,4,4,4,4,4,4,4,4,4,0,0,0,1,0,0,0,"Cell900"
3,3,3,3,3,3,3,3,3,3,3,0,0,1,0,0,0,0,"Cell901"
7,7,7,6,7,7,7,7,7,7,7,0,0,0,0,0,0.1,0.9,"Cell902"
5,5,5,5,5,5,5,5,5,5,5,0,0,0,0,1,0,0,"Cell903"
6,6,6,6,6,6,6,6,6,6,6,0,0,0,0,0,1,0,"Cell904"
4,4,4,4,4,4,4,4,4,4,4,0,0,0,1,0,0,0,"Cell905"
6,6,6,6,6,6,6,6,6,6,6,0,0,0,0,0,1,0,"Cell906"
2,2,2,2,2,2,2,2,2,2,2,0,1,0,0,0,0,0,"Cell907"
3,3,3,3,3,3,3,3,3,3,3,0,0,1,0,0,0,0,"Cell908"
7,7,7,7,7,7,7,7,7,7,7,0,0,0,0,0,0,1,"Cell909"
5,5,5,5,5,5,5,5,5,5,5,0,0,0,0,1,0,0,"Cell910"
1,1,1,1,1,1,1,1,1,1,1,1,0,0,0,0,0,0,"Cell911"
1,1,1,1,1,1,1,1,1,1,1,1,0,0,0,0,0,0,"Cell912"
7,7,7,7,7,7,7,7,7,7,7,0,0,0,0,0,0,1,"Cell913"
2,2,2,2,2,2,2,2,2,2,2,0,1,0,0,0,0,0,"Cell914"
5,5,5,5,5,5,5,5,5,5,5,0,0,0,0,1,0,0,"Cell915"
1,1,1,1,1,1,1,1,1,1,1,1,0,0,0,0,0,0,"Cell916"
4,4,4,4,4,4,4,4,4,4,4,0,0,0,1,0,0,0,"Cell917"
4,4,4,4,4,4,4,4,4,4,4,0,0,0,1,0,0,0,"Cell918"
5,5,5,5,5,5,5,5,5,5,5,0,0,0,0,1,0,0,"Cell919"
1,1,1,1,1,1,1,1,1,1,1,1,0,0,0,0,0,0,"Cell920"
7,7,7,6,7,7,7,7,7,7,7,0,0,0,0,0,0.1,0.9,"Cell921"
1,1,1,1,1,1,1,1,1,1,1,1,0,0,0,0,0,0,"Cell922"
4,4,4,4,4,4,4,4,4,4,4,0,0,0,1,0,0,0,"Cell923"
5,5,5,5,5,5,5,5,5,5,5,0,0,0,0,1,0,0,"Cell924"
5,5,5,5,5,5,5,5,5,5,5,0,0,0,0,1,0,0,"Cell925"
4,4,4,4,4,4,4,4,4,4,4,0,0,0,1,0,0,0,"Cell926"
6,6,6,6,6,6,6,6,6,6,6,0,0,0,0,0,1,0,"Cell927"
7,7,7,7,7,7,7,7,7,7,7,0,0,0,0,0,0,1,"Cell928"
6,6,6,6,6,6,6,6,6,6,6,0,0,0,0,0,1,0,"Cell929"
2,2,2,2,2,2,2,2,2,2,2,0,1,0,0,0,0,0,"Cell930"
7,7,7,7,7,7,7,7,7,7,7,0,0,0,0,0,0,1,"Cell931"
7,7,7,7,7,7,7,7,7,7,7,0,0,0,0,0,0,1,"Cell932"
3,3,3,3,3,3,3,3,3,3,3,0,0,1,0,0,0,0,"Cell933"
1,1,1,1,1,1,1,1,1,1,1,1,0,0,0,0,0,0,"Cell934"
4,4,4,4,4,4,4,4,4,4,4,0,0,0,1,0,0,0,"Cell935"
2,2,2,2,2,2,2,2,2,2,2,0,1,0,0,0,0,0,"Cell936"
6,6,6,6,6,6,6,6,6,6,6,0,0,0,0,0,1,0,"Cell937"
6,6,6,6,6,6,6,6,6,6,6,0,0,0,0,0,1,0,"Cell938"
1,1,1,1,1,1,1,1,1,1,1,1,0,0,0,0,0,0,"Cell939"
3,3,3,3,3,3,3,3,3,3,3,0,0,1,0,0,0,0,"Cell940"
6,6,6,6,6,6,6,6,6,6,6,0,0,0,0,0,1,0,"Cell941"
4,4,4,4,4,4,4,4,4,4,4,0,0,0,1,0,0,0,"Cell942"
1,1,1,1,1,1,1,1,1,1,1,1,0,0,0,0,0,0,"Cell943"
4,4,4,4,4,4,4,4,4,4,4,0,0,0,1,0,0,0,"Cell944"
1,1,1,1,1,1,1,1,1,1,1,1,0,0,0,0,0,0,"Cell945"
4,4,4,4,4,4,4,4,4,4,4,0,0,0,1,0,0,0,"Cell946"
4,4,4,4,4,4,4,4,4,4,4,0,0,0,1,0,0,0,"Cell947"
3,3,3,3,3,3,3,3,3,3,3,0,0,1,0,0,0,0,"Cell948"
6,6,6,6,6,6,6,6,6,6,6,0,0,0,0,0,1,0,"Cell949"
7,7,7,7,7,7,7,7,7,7,7,0,0,0,0,0,0,1,"Cell950"
3,6,3,3,3,3,3,3,3,3,3,0,0,0.9,0,0,0.1,0,"Cell951"
2,2,2,2,2,2,2,2,2,2,2,0,1,0,0,0,0,0,"Cell952"
7,7,7,7,7,7,7,7,7,7,7,0,0,0,0,0,0,1,"Cell953"
7,7,7,6,7,7,7,7,7,7,7,0,0,0,0,0,0.1,0.9,"Cell954"
6,6,6,6,6,6,6,6,6,6,6,0,0,0,0,0,1,0,"Cell955"
6,6,6,6,6,6,6,6,6,6,6,0,0,0,0,0,1,0,"Cell956"
2,2,2,2,2,2,2,2,2,2,2,0,1,0,0,0,0,0,"Cell957"
5,5,5,5,5,5,5,5,5,5,5,0,0,0,0,1,0,0,"Cell958"
6,6,6,6,6,6,6,6,6,6,6,0,0,0,0,0,1,0,"Cell959"
5,5,5,5,5,5,5,5,5,5,5,0,0,0,0,1,0,0,"Cell960"
2,2,2,2,2,2,2,2,2,2,2,0,1,0,0,0,0,0,"Cell961"
4,4,4,4,4,4,4,4,4,4,4,0,0,0,1,0,0,0,"Cell962"
4,4,4,4,4,4,4,4,4,4,4,0,0,0,1,0,0,0,"Cell963"
2,2,2,2,2,2,2,2,2,2,2,0,1,0,0,0,0,0,"Cell964"
2,2,2,2,2,2,2,2,2,2,2,0,1,0,0,0,0,0,"Cell965"
3,3,3,3,3,3,3,3,3,3,3,0,0,1,0,0,0,0,"Cell966"
2,2,2,2,2,2,2,2,2,2,2,0,1,0,0,0,0,0,"Cell967"
1,1,1,1,1,1,1,1,1,1,1,1,0,0,0,0,0,0,"Cell968"
2,2,2,2,2,2,2,2,2,2,2,0,1,0,0,0,0,0,"Cell969"
7,7,7,6,7,7,7,7,7,7,7,0,0,0,0,0,0.1,0.9,"Cell970"
5,5,5,5,5,5,5,5,5,5,5,0,0,0,0,1,0,0,"Cell971"
6,6,6,6,6,6,6,6,6,6,6,0,0,0,0,0,1,0,"Cell972"
1,1,1,1,1,1,1,1,1,1,1,1,0,0,0,0,0,0,"Cell973"
4,4,4,4,4,4,4,4,4,4,4,0,0,0,1,0,0,0,"Cell974"
3,3,3,3,3,3,3,3,3,3,3,0,0,1,0,0,0,0,"Cell975"
7,7,7,7,7,7,7,7,7,7,7,0,0,0,0,0,0,1,"Cell976"
1,1,1,1,1,1,1,1,1,1,1,1,0,0,0,0,0,0,"Cell977"
4,4,4,4,4,4,4,4,4,4,4,0,0,0,1,0,0,0,"Cell978"
4,4,4,4,4,4,4,4,4,4,4,0,0,0,1,0,0,0,"Cell979"
1,1,1,1,1,1,1,1,1,1,1,1,0,0,0,0,0,0,"Cell980"
4,4,4,4,4,4,4,4,4,4,4,0,0,0,1,0,0,0,"Cell981"
2,2,2,2,2,2,2,2,2,2,2,0,1,0,0,0,0,0,"Cell982"
6,6,6,6,6,6,6,6,6,6,6,0,0,0,0,0,1,0,"Cell983"
7,7,7,7,7,7,7,7,7,7,7,0,0,0,0,0,0,1,"Cell984"
3,3,3,3,3,3,3,3,3,3,3,0,0,1,0,0,0,0,"Cell985"
2,2,2,2,2,2,2,2,2,2,2,0,1,0,0,0,0,0,"Cell986"
5,5,5,5,5,5,5,5,5,5,5,0,0,0,0,1,0,0,"Cell987"
5,5,5,5,5,5,5,5,5,5,5,0,0,0,0,1,0,0,"Cell988"
2,2,2,2,2,2,2,2,2,2,2,0,1,0,0,0,0,0,"Cell989"
5,5,5,5,5,5,5,5,5,5,5,0,0,0,0,1,0,0,"Cell990"
5,5,5,5,5,5,5,5,5,5,5,0,0,0,0,1,0,0,"Cell991"
2,2,2,2,2,2,2,2,2,2,2,0,1,0,0,0,0,0,"Cell992"
3,6,3,3,3,3,3,3,3,3,3,0,0,0.9,0,0,0.1,0,"Cell993"
1,1,1,1,1,1,1,1,1,1,1,1,0,0,0,0,0,0,"Cell994"
3,3,3,3,3,3,3,3,3,3,3,0,0,1,0,0,0,0,"Cell995"
4,4,4,4,4,4,4,4,4,4,4,0,0,0,1,0,0,0,"Cell996"
3,3,3,3,3,3,3,3,3,3,3,0,0,1,0,0,0,0,"Cell997"
5,5,5,5,5,5,5,5,5,5,5,0,0,0,0,1,0,0,"Cell998"
6,6,6,6,6,6,6,6,6,6,6,0,0,0,0,0,1,0,"Cell999"
6,6,6,6,6,6,6,6,6,6,6,0,0,0,0,0,1,0,"Cell1000"
